FECHA;UNIDADES;YEAR;DIA;MES;DIA_SEMANA;FESTIVIDAD
1/01/2012;0;2012;1;1;domingo;a_nuevo
2/01/2012;188;2012;2;1;lunes;dia_habil
3/01/2012;482;2012;3;1;martes;dia_habil
4/01/2012;927;2012;4;1;miercoles;dia_habil
5/01/2012;1159;2012;5;1;jueves;dia_habil
6/01/2012;996;2012;6;1;viernes;dia_habil
7/01/2012;243;2012;7;1;sabado;dia_habil
8/01/2012;0;2012;8;1;domingo;dia_habil
9/01/2012;0;2012;9;1;lunes;festivo
10/01/2012;697;2012;10;1;martes;dia_habil
11/01/2012;956;2012;11;1;miercoles;dia_habil
12/01/2012;1001;2012;12;1;jueves;dia_habil
13/01/2012;1170;2012;13;1;viernes;dia_habil
14/01/2012;372;2012;14;1;sabado;dia_habil
15/01/2012;1;2012;15;1;domingo;dia_habil
16/01/2012;805;2012;16;1;lunes;dia_habil
17/01/2012;913;2012;17;1;martes;dia_habil
18/01/2012;1049;2012;18;1;miercoles;dia_habil
19/01/2012;979;2012;19;1;jueves;dia_habil
20/01/2012;1018;2012;20;1;viernes;dia_habil
21/01/2012;312;2012;21;1;sabado;dia_habil
22/01/2012;0;2012;22;1;domingo;dia_habil
23/01/2012;802;2012;23;1;lunes;dia_habil
24/01/2012;893;2012;24;1;martes;dia_habil
25/01/2012;1030;2012;25;1;miercoles;dia_habil
26/01/2012;1108;2012;26;1;jueves;dia_habil
27/01/2012;1049;2012;27;1;viernes;dia_habil
28/01/2012;369;2012;28;1;sabado;dia_habil
29/01/2012;2;2012;29;1;domingo;dia_habil
30/01/2012;823;2012;30;1;lunes;dia_habil
31/01/2012;1046;2012;31;1;martes;dia_habil
1/02/2012;1142;2012;1;2;miercoles;dia_habil
2/02/2012;1185;2012;2;2;jueves;dia_habil
3/02/2012;1295;2012;3;2;viernes;dia_habil
4/02/2012;344;2012;4;2;sabado;dia_habil
5/02/2012;0;2012;5;2;domingo;dia_habil
6/02/2012;853;2012;6;2;lunes;dia_habil
7/02/2012;1170;2012;7;2;martes;dia_habil
8/02/2012;1177;2012;8;2;miercoles;dia_habil
9/02/2012;1182;2012;9;2;jueves;dia_habil
10/02/2012;1191;2012;10;2;viernes;dia_habil
11/02/2012;411;2012;11;2;sabado;dia_habil
12/02/2012;1;2012;12;2;domingo;dia_habil
13/02/2012;881;2012;13;2;lunes;dia_habil
14/02/2012;1120;2012;14;2;martes;dia_habil
15/02/2012;1126;2012;15;2;miercoles;dia_habil
16/02/2012;1098;2012;16;2;jueves;dia_habil
17/02/2012;1243;2012;17;2;viernes;dia_habil
18/02/2012;309;2012;18;2;sabado;dia_habil
19/02/2012;0;2012;19;2;domingo;dia_habil
20/02/2012;733;2012;20;2;lunes;dia_habil
21/02/2012;994;2012;21;2;martes;dia_habil
22/02/2012;1186;2012;22;2;miercoles;dia_habil
23/02/2012;1247;2012;23;2;jueves;dia_habil
24/02/2012;1315;2012;24;2;viernes;dia_habil
25/02/2012;386;2012;25;2;sabado;dia_habil
26/02/2012;0;2012;26;2;domingo;dia_habil
27/02/2012;855;2012;27;2;lunes;dia_habil
28/02/2012;1239;2012;28;2;martes;dia_habil
29/02/2012;1157;2012;29;2;miercoles;dia_habil
1/03/2012;1201;2012;1;3;jueves;dia_habil
2/03/2012;1342;2012;2;3;viernes;dia_habil
3/03/2012;358;2012;3;3;sabado;dia_habil
4/03/2012;0;2012;4;3;domingo;dia_habil
5/03/2012;886;2012;5;3;lunes;dia_habil
6/03/2012;1209;2012;6;3;martes;dia_habil
7/03/2012;1553;2012;7;3;miercoles;dia_habil
8/03/2012;1340;2012;8;3;jueves;dia_habil
9/03/2012;1279;2012;9;3;viernes;dia_habil
10/03/2012;489;2012;10;3;sabado;dia_habil
11/03/2012;1;2012;11;3;domingo;dia_habil
12/03/2012;971;2012;12;3;lunes;dia_habil
13/03/2012;1305;2012;13;3;martes;dia_habil
14/03/2012;1366;2012;14;3;miercoles;dia_habil
15/03/2012;1357;2012;15;3;jueves;dia_habil
16/03/2012;1461;2012;16;3;viernes;dia_habil
17/03/2012;339;2012;17;3;sabado;dia_habil
18/03/2012;0;2012;18;3;domingo;dia_habil
19/03/2012;0;2012;19;3;lunes;festivo
20/03/2012;937;2012;20;3;martes;dia_habil
21/03/2012;1247;2012;21;3;miercoles;dia_habil
22/03/2012;1332;2012;22;3;jueves;dia_habil
23/03/2012;1479;2012;23;3;viernes;dia_habil
24/03/2012;139;2012;24;3;sabado;dia_habil
25/03/2012;32;2012;25;3;domingo;dia_habil
26/03/2012;1113;2012;26;3;lunes;dia_habil
27/03/2012;1163;2012;27;3;martes;dia_habil
28/03/2012;1469;2012;28;3;miercoles;dia_habil
29/03/2012;1559;2012;29;3;jueves;dia_habil
30/03/2012;1805;2012;30;3;viernes;dia_habil
31/03/2012;485;2012;31;3;sabado;dia_habil
1/04/2012;1;2012;1;4;domingo;sem_santa
2/04/2012;1128;2012;2;4;lunes;sem_santa
3/04/2012;1589;2012;3;4;martes;sem_santa
4/04/2012;1182;2012;4;4;miercoles;sem_santa
5/04/2012;1;2012;5;4;jueves;sem_santa
6/04/2012;0;2012;6;4;viernes;sem_santa
7/04/2012;1;2012;7;4;sabado;sem_santa
8/04/2012;0;2012;8;4;domingo;dia_habil
9/04/2012;770;2012;9;4;lunes;dia_habil
10/04/2012;1196;2012;10;4;martes;dia_habil
11/04/2012;1467;2012;11;4;miercoles;dia_habil
12/04/2012;1456;2012;12;4;jueves;dia_habil
13/04/2012;1369;2012;13;4;viernes;dia_habil
14/04/2012;422;2012;14;4;sabado;dia_habil
15/04/2012;0;2012;15;4;domingo;dia_habil
16/04/2012;795;2012;16;4;lunes;dia_habil
17/04/2012;1067;2012;17;4;martes;dia_habil
18/04/2012;1360;2012;18;4;miercoles;dia_habil
19/04/2012;1083;2012;19;4;jueves;dia_habil
20/04/2012;1443;2012;20;4;viernes;dia_habil
21/04/2012;310;2012;21;4;sabado;dia_habil
22/04/2012;0;2012;22;4;domingo;dia_habil
23/04/2012;965;2012;23;4;lunes;dia_habil
24/04/2012;1143;2012;24;4;martes;dia_habil
25/04/2012;1361;2012;25;4;miercoles;dia_habil
26/04/2012;1264;2012;26;4;jueves;dia_habil
27/04/2012;737;2012;27;4;viernes;dia_habil
28/04/2012;515;2012;28;4;sabado;dia_habil
29/04/2012;34;2012;29;4;domingo;dia_habil
30/04/2012;1286;2012;30;4;lunes;dia_habil
1/05/2012;3;2012;1;5;martes;festivo
2/05/2012;965;2012;2;5;miercoles;dia_habil
3/05/2012;1228;2012;3;5;jueves;dia_habil
4/05/2012;1349;2012;4;5;viernes;dia_habil
5/05/2012;375;2012;5;5;sabado;dia_habil
6/05/2012;0;2012;6;5;domingo;dia_habil
7/05/2012;985;2012;7;5;lunes;dia_habil
8/05/2012;1353;2012;8;5;martes;dia_habil
9/05/2012;1426;2012;9;5;miercoles;dia_habil
10/05/2012;1393;2012;10;5;jueves;dia_habil
11/05/2012;1455;2012;11;5;viernes;dia_habil
12/05/2012;230;2012;12;5;sabado;dia_habil
13/05/2012;1;2012;13;5;domingo;madres
14/05/2012;1055;2012;14;5;lunes;dia_habil
15/05/2012;1276;2012;15;5;martes;dia_habil
16/05/2012;1314;2012;16;5;miercoles;dia_habil
17/05/2012;1388;2012;17;5;jueves;dia_habil
18/05/2012;1282;2012;18;5;viernes;dia_habil
19/05/2012;437;2012;19;5;sabado;dia_habil
20/05/2012;15;2012;20;5;domingo;dia_habil
21/05/2012;0;2012;21;5;lunes;festivo
22/05/2012;940;2012;22;5;martes;dia_habil
23/05/2012;1045;2012;23;5;miercoles;dia_habil
24/05/2012;1198;2012;24;5;jueves;dia_habil
25/05/2012;1338;2012;25;5;viernes;dia_habil
26/05/2012;436;2012;26;5;sabado;dia_habil
27/05/2012;0;2012;27;5;domingo;dia_habil
28/05/2012;894;2012;28;5;lunes;dia_habil
29/05/2012;1146;2012;29;5;martes;dia_habil
30/05/2012;1283;2012;30;5;miercoles;dia_habil
31/05/2012;1256;2012;31;5;jueves;dia_habil
1/06/2012;1222;2012;1;6;viernes;dia_habil
2/06/2012;323;2012;2;6;sabado;dia_habil
3/06/2012;1;2012;3;6;domingo;dia_habil
4/06/2012;953;2012;4;6;lunes;dia_habil
5/06/2012;1156;2012;5;6;martes;dia_habil
6/06/2012;1404;2012;6;6;miercoles;dia_habil
7/06/2012;1453;2012;7;6;jueves;dia_habil
8/06/2012;1460;2012;8;6;viernes;dia_habil
9/06/2012;471;2012;9;6;sabado;dia_habil
10/06/2012;0;2012;10;6;domingo;dia_habil
11/06/2012;0;2012;11;6;lunes;festivo
12/06/2012;919;2012;12;6;martes;dia_habil
13/06/2012;1206;2012;13;6;miercoles;dia_habil
14/06/2012;1390;2012;14;6;jueves;dia_habil
15/06/2012;1337;2012;15;6;viernes;dia_habil
16/06/2012;348;2012;16;6;sabado;dia_habil
17/06/2012;30;2012;17;6;domingo;dia_habil
18/06/2012;0;2012;18;6;lunes;festivo
19/06/2012;987;2012;19;6;martes;dia_habil
20/06/2012;1116;2012;20;6;miercoles;dia_habil
21/06/2012;1300;2012;21;6;jueves;dia_habil
22/06/2012;1330;2012;22;6;viernes;dia_habil
23/06/2012;352;2012;23;6;sabado;dia_habil
24/06/2012;7;2012;24;6;domingo;dia_habil
25/06/2012;541;2012;25;6;lunes;dia_habil
26/06/2012;625;2012;26;6;martes;dia_habil
27/06/2012;1493;2012;27;6;miercoles;dia_habil
28/06/2012;1510;2012;28;6;jueves;dia_habil
29/06/2012;1396;2012;29;6;viernes;dia_habil
30/06/2012;361;2012;30;6;sabado;dia_habil
1/07/2012;1;2012;1;7;domingo;dia_habil
2/07/2012;2;2012;2;7;lunes;festivo
3/07/2012;853;2012;3;7;martes;dia_habil
4/07/2012;1267;2012;4;7;miercoles;dia_habil
5/07/2012;1250;2012;5;7;jueves;dia_habil
6/07/2012;1416;2012;6;7;viernes;dia_habil
7/07/2012;619;2012;7;7;sabado;dia_habil
8/07/2012;1;2012;8;7;domingo;dia_habil
9/07/2012;978;2012;9;7;lunes;dia_habil
10/07/2012;1246;2012;10;7;martes;dia_habil
11/07/2012;1271;2012;11;7;miercoles;dia_habil
12/07/2012;1242;2012;12;7;jueves;dia_habil
13/07/2012;1510;2012;13;7;viernes;dia_habil
14/07/2012;390;2012;14;7;sabado;dia_habil
15/07/2012;0;2012;15;7;domingo;dia_habil
16/07/2012;831;2012;16;7;lunes;dia_habil
17/07/2012;1105;2012;17;7;martes;dia_habil
18/07/2012;1181;2012;18;7;miercoles;dia_habil
19/07/2012;1515;2012;19;7;jueves;dia_habil
20/07/2012;23;2012;20;7;viernes;festivo
21/07/2012;325;2012;21;7;sabado;dia_habil
22/07/2012;0;2012;22;7;domingo;dia_habil
23/07/2012;875;2012;23;7;lunes;dia_habil
24/07/2012;1094;2012;24;7;martes;dia_habil
25/07/2012;1386;2012;25;7;miercoles;dia_habil
26/07/2012;1298;2012;26;7;jueves;dia_habil
27/07/2012;1400;2012;27;7;viernes;dia_habil
28/07/2012;389;2012;28;7;sabado;dia_habil
29/07/2012;1;2012;29;7;domingo;dia_habil
30/07/2012;1030;2012;30;7;lunes;dia_habil
31/07/2012;1139;2012;31;7;martes;dia_habil
1/08/2012;1157;2012;1;8;miercoles;dia_habil
2/08/2012;1242;2012;2;8;jueves;dia_habil
3/08/2012;1315;2012;3;8;viernes;dia_habil
4/08/2012;439;2012;4;8;sabado;dia_habil
5/08/2012;0;2012;5;8;domingo;dia_habil
6/08/2012;959;2012;6;8;lunes;dia_habil
7/08/2012;1;2012;7;8;martes;festivo
8/08/2012;1116;2012;8;8;miercoles;dia_habil
9/08/2012;1359;2012;9;8;jueves;dia_habil
10/08/2012;1369;2012;10;8;viernes;dia_habil
11/08/2012;370;2012;11;8;sabado;dia_habil
12/08/2012;21;2012;12;8;domingo;dia_habil
13/08/2012;980;2012;13;8;lunes;dia_habil
14/08/2012;1141;2012;14;8;martes;dia_habil
15/08/2012;1195;2012;15;8;miercoles;dia_habil
16/08/2012;1320;2012;16;8;jueves;dia_habil
17/08/2012;1235;2012;17;8;viernes;dia_habil
18/08/2012;365;2012;18;8;sabado;dia_habil
19/08/2012;0;2012;19;8;domingo;dia_habil
20/08/2012;0;2012;20;8;lunes;festivo
21/08/2012;809;2012;21;8;martes;dia_habil
22/08/2012;1036;2012;22;8;miercoles;dia_habil
23/08/2012;1223;2012;23;8;jueves;dia_habil
24/08/2012;1113;2012;24;8;viernes;dia_habil
25/08/2012;490;2012;25;8;sabado;dia_habil
26/08/2012;62;2012;26;8;domingo;dia_habil
27/08/2012;792;2012;27;8;lunes;dia_habil
28/08/2012;1131;2012;28;8;martes;dia_habil
29/08/2012;1157;2012;29;8;miercoles;dia_habil
30/08/2012;1296;2012;30;8;jueves;dia_habil
31/08/2012;1295;2012;31;8;viernes;dia_habil
1/09/2012;280;2012;1;9;sabado;dia_habil
2/09/2012;1;2012;2;9;domingo;dia_habil
3/09/2012;829;2012;3;9;lunes;dia_habil
4/09/2012;1008;2012;4;9;martes;dia_habil
5/09/2012;1035;2012;5;9;miercoles;dia_habil
6/09/2012;1368;2012;6;9;jueves;dia_habil
7/09/2012;1281;2012;7;9;viernes;dia_habil
8/09/2012;489;2012;8;9;sabado;dia_habil
9/09/2012;30;2012;9;9;domingo;dia_habil
10/09/2012;1095;2012;10;9;lunes;dia_habil
11/09/2012;1204;2012;11;9;martes;dia_habil
12/09/2012;1347;2012;12;9;miercoles;dia_habil
13/09/2012;1439;2012;13;9;jueves;dia_habil
14/09/2012;1293;2012;14;9;viernes;dia_habil
15/09/2012;405;2012;15;9;sabado;dia_habil
16/09/2012;0;2012;16;9;domingo;dia_habil
17/09/2012;930;2012;17;9;lunes;dia_habil
18/09/2012;933;2012;18;9;martes;dia_habil
19/09/2012;1320;2012;19;9;miercoles;dia_habil
20/09/2012;1353;2012;20;9;jueves;dia_habil
21/09/2012;1231;2012;21;9;viernes;dia_habil
22/09/2012;313;2012;22;9;sabado;dia_habil
23/09/2012;41;2012;23;9;domingo;dia_habil
24/09/2012;840;2012;24;9;lunes;dia_habil
25/09/2012;1033;2012;25;9;martes;dia_habil
26/09/2012;1287;2012;26;9;miercoles;dia_habil
27/09/2012;1335;2012;27;9;jueves;dia_habil
28/09/2012;1415;2012;28;9;viernes;dia_habil
29/09/2012;422;2012;29;9;sabado;dia_habil
30/09/2012;0;2012;30;9;domingo;dia_habil
1/10/2012;813;2012;1;10;lunes;dia_habil
2/10/2012;1110;2012;2;10;martes;dia_habil
3/10/2012;1280;2012;3;10;miercoles;dia_habil
4/10/2012;1352;2012;4;10;jueves;dia_habil
5/10/2012;1360;2012;5;10;viernes;dia_habil
6/10/2012;400;2012;6;10;sabado;dia_habil
7/10/2012;10;2012;7;10;domingo;dia_habil
8/10/2012;1195;2012;8;10;lunes;dia_habil
9/10/2012;1209;2012;9;10;martes;dia_habil
10/10/2012;1299;2012;10;10;miercoles;dia_habil
11/10/2012;1324;2012;11;10;jueves;dia_habil
12/10/2012;1275;2012;12;10;viernes;dia_habil
13/10/2012;326;2012;13;10;sabado;dia_habil
14/10/2012;18;2012;14;10;domingo;dia_habil
15/10/2012;0;2012;15;10;lunes;festivo
16/10/2012;752;2012;16;10;martes;dia_habil
17/10/2012;1022;2012;17;10;miercoles;dia_habil
18/10/2012;853;2012;18;10;jueves;dia_habil
19/10/2012;1319;2012;19;10;viernes;dia_habil
20/10/2012;391;2012;20;10;sabado;dia_habil
21/10/2012;7;2012;21;10;domingo;dia_habil
22/10/2012;866;2012;22;10;lunes;dia_habil
23/10/2012;1057;2012;23;10;martes;dia_habil
24/10/2012;1159;2012;24;10;miercoles;dia_habil
25/10/2012;1180;2012;25;10;jueves;dia_habil
26/10/2012;1203;2012;26;10;viernes;dia_habil
27/10/2012;327;2012;27;10;sabado;dia_habil
28/10/2012;1;2012;28;10;domingo;dia_habil
29/10/2012;828;2012;29;10;lunes;dia_habil
30/10/2012;1281;2012;30;10;martes;dia_habil
31/10/2012;1195;2012;31;10;miercoles;brujas
1/11/2012;1088;2012;1;11;jueves;dia_habil
2/11/2012;1320;2012;2;11;viernes;dia_habil
3/11/2012;289;2012;3;11;sabado;dia_habil
4/11/2012;0;2012;4;11;domingo;dia_habil
5/11/2012;0;2012;5;11;lunes;festivo
6/11/2012;875;2012;6;11;martes;dia_habil
7/11/2012;1095;2012;7;11;miercoles;dia_habil
8/11/2012;1318;2012;8;11;jueves;dia_habil
9/11/2012;1361;2012;9;11;viernes;dia_habil
10/11/2012;336;2012;10;11;sabado;dia_habil
11/11/2012;0;2012;11;11;domingo;dia_habil
12/11/2012;0;2012;12;11;lunes;festivo
13/11/2012;855;2012;13;11;martes;dia_habil
14/11/2012;1142;2012;14;11;miercoles;dia_habil
15/11/2012;1205;2012;15;11;jueves;dia_habil
16/11/2012;1186;2012;16;11;viernes;dia_habil
17/11/2012;311;2012;17;11;sabado;dia_habil
18/11/2012;1;2012;18;11;domingo;dia_habil
19/11/2012;845;2012;19;11;lunes;dia_habil
20/11/2012;1084;2012;20;11;martes;dia_habil
21/11/2012;1056;2012;21;11;miercoles;dia_habil
22/11/2012;1135;2012;22;11;jueves;dia_habil
23/11/2012;1232;2012;23;11;viernes;dia_habil
24/11/2012;329;2012;24;11;sabado;dia_habil
25/11/2012;1;2012;25;11;domingo;dia_habil
26/11/2012;893;2012;26;11;lunes;dia_habil
27/11/2012;1180;2012;27;11;martes;dia_habil
28/11/2012;1323;2012;28;11;miercoles;dia_habil
29/11/2012;1448;2012;29;11;jueves;dia_habil
30/11/2012;1565;2012;30;11;viernes;dia_habil
1/12/2012;422;2012;1;12;sabado;dia_habil
2/12/2012;1;2012;2;12;domingo;dia_habil
3/12/2012;1024;2012;3;12;lunes;dia_habil
4/12/2012;1175;2012;4;12;martes;dia_habil
5/12/2012;1587;2012;5;12;miercoles;dia_habil
6/12/2012;1783;2012;6;12;jueves;dia_habil
7/12/2012;1652;2012;7;12;viernes;dia_habil
8/12/2012;0;2012;8;12;sabado;festivo
9/12/2012;0;2012;9;12;domingo;dia_habil
10/12/2012;1238;2012;10;12;lunes;dia_habil
11/12/2012;1583;2012;11;12;martes;dia_habil
12/12/2012;1729;2012;12;12;miercoles;dia_habil
13/12/2012;1827;2012;13;12;jueves;dia_habil
14/12/2012;1861;2012;14;12;viernes;dia_habil
15/12/2012;515;2012;15;12;sabado;dia_habil
16/12/2012;0;2012;16;12;domingo;dia_habil
17/12/2012;1192;2012;17;12;lunes;dia_habil
18/12/2012;1789;2012;18;12;martes;dia_habil
19/12/2012;1961;2012;19;12;miercoles;dia_habil
20/12/2012;2101;2012;20;12;jueves;dia_habil
21/12/2012;2124;2012;21;12;viernes;dia_habil
22/12/2012;904;2012;22;12;sabado;dia_habil
23/12/2012;0;2012;23;12;domingo;dia_habil
24/12/2012;535;2012;24;12;lunes;dia_habil
25/12/2012;0;2012;25;12;martes;navidad
26/12/2012;1206;2012;26;12;miercoles;dia_habil
27/12/2012;1921;2012;27;12;jueves;dia_habil
28/12/2012;2418;2012;28;12;viernes;dia_habil
29/12/2012;1087;2012;29;12;sabado;dia_habil
30/12/2012;0;2012;30;12;domingo;dia_habil
31/12/2012;68;2012;31;12;lunes;a_viejo
1/01/2013;0;2013;1;1;martes;a_nuevo
2/01/2013;223;2013;2;1;miercoles;dia_habil
3/01/2013;402;2013;3;1;jueves;dia_habil
4/01/2013;884;2013;4;1;viernes;dia_habil
5/01/2013;215;2013;5;1;sabado;dia_habil
6/01/2013;0;2013;6;1;domingo;dia_habil
7/01/2013;0;2013;7;1;lunes;dia_habil
8/01/2013;623;2013;8;1;martes;dia_habil
9/01/2013;1005;2013;9;1;miercoles;dia_habil
10/01/2013;957;2013;10;1;jueves;dia_habil
11/01/2013;1069;2013;11;1;viernes;dia_habil
12/01/2013;311;2013;12;1;sabado;dia_habil
13/01/2013;1;2013;13;1;domingo;dia_habil
14/01/2013;766;2013;14;1;lunes;festivo
15/01/2013;1063;2013;15;1;martes;dia_habil
16/01/2013;1007;2013;16;1;miercoles;dia_habil
17/01/2013;1083;2013;17;1;jueves;dia_habil
18/01/2013;951;2013;18;1;viernes;dia_habil
19/01/2013;248;2013;19;1;sabado;dia_habil
20/01/2013;0;2013;20;1;domingo;dia_habil
21/01/2013;756;2013;21;1;lunes;dia_habil
22/01/2013;816;2013;22;1;martes;dia_habil
23/01/2013;998;2013;23;1;miercoles;dia_habil
24/01/2013;852;2013;24;1;jueves;dia_habil
25/01/2013;952;2013;25;1;viernes;dia_habil
26/01/2013;285;2013;26;1;sabado;dia_habil
27/01/2013;0;2013;27;1;domingo;dia_habil
28/01/2013;809;2013;28;1;lunes;dia_habil
29/01/2013;983;2013;29;1;martes;dia_habil
30/01/2013;1178;2013;30;1;miercoles;dia_habil
31/01/2013;1104;2013;31;1;jueves;dia_habil
1/02/2013;1064;2013;1;2;viernes;dia_habil
2/02/2013;224;2013;2;2;sabado;dia_habil
3/02/2013;0;2013;3;2;domingo;dia_habil
4/02/2013;740;2013;4;2;lunes;dia_habil
5/02/2013;885;2013;5;2;martes;dia_habil
6/02/2013;1218;2013;6;2;miercoles;dia_habil
7/02/2013;1150;2013;7;2;jueves;dia_habil
8/02/2013;1181;2013;8;2;viernes;dia_habil
9/02/2013;291;2013;9;2;sabado;dia_habil
10/02/2013;1;2013;10;2;domingo;dia_habil
11/02/2013;830;2013;11;2;lunes;dia_habil
12/02/2013;916;2013;12;2;martes;dia_habil
13/02/2013;1076;2013;13;2;miercoles;dia_habil
14/02/2013;1110;2013;14;2;jueves;dia_habil
15/02/2013;1265;2013;15;2;viernes;dia_habil
16/02/2013;263;2013;16;2;sabado;dia_habil
17/02/2013;0;2013;17;2;domingo;dia_habil
18/02/2013;719;2013;18;2;lunes;dia_habil
19/02/2013;1036;2013;19;2;martes;dia_habil
20/02/2013;1096;2013;20;2;miercoles;dia_habil
21/02/2013;1064;2013;21;2;jueves;dia_habil
22/02/2013;1094;2013;22;2;viernes;dia_habil
23/02/2013;324;2013;23;2;sabado;dia_habil
24/02/2013;0;2013;24;2;domingo;dia_habil
25/02/2013;755;2013;25;2;lunes;dia_habil
26/02/2013;1119;2013;26;2;martes;dia_habil
27/02/2013;1133;2013;27;2;miercoles;dia_habil
28/02/2013;1311;2013;28;2;jueves;dia_habil
1/03/2013;963;2013;1;3;viernes;dia_habil
2/03/2013;264;2013;2;3;sabado;dia_habil
3/03/2013;0;2013;3;3;domingo;dia_habil
4/03/2013;677;2013;4;3;lunes;dia_habil
5/03/2013;930;2013;5;3;martes;dia_habil
6/03/2013;1073;2013;6;3;miercoles;dia_habil
7/03/2013;1136;2013;7;3;jueves;dia_habil
8/03/2013;1207;2013;8;3;viernes;dia_habil
9/03/2013;354;2013;9;3;sabado;dia_habil
10/03/2013;1;2013;10;3;domingo;dia_habil
11/03/2013;851;2013;11;3;lunes;dia_habil
12/03/2013;1065;2013;12;3;martes;dia_habil
13/03/2013;1167;2013;13;3;miercoles;dia_habil
14/03/2013;1223;2013;14;3;jueves;dia_habil
15/03/2013;1297;2013;15;3;viernes;dia_habil
16/03/2013;385;2013;16;3;sabado;dia_habil
17/03/2013;0;2013;17;3;domingo;dia_habil
18/03/2013;830;2013;18;3;lunes;dia_habil
19/03/2013;1249;2013;19;3;martes;dia_habil
20/03/2013;1341;2013;20;3;miercoles;dia_habil
21/03/2013;1459;2013;21;3;jueves;dia_habil
22/03/2013;1630;2013;22;3;viernes;dia_habil
23/03/2013;532;2013;23;3;sabado;dia_habil
24/03/2013;0;2013;24;3;domingo;sem_santa
25/03/2013;0;2013;25;3;lunes;sem_santa
26/03/2013;953;2013;26;3;martes;sem_santa
27/03/2013;1104;2013;27;3;miercoles;sem_santa
28/03/2013;14;2013;28;3;jueves;sem_santa
29/03/2013;0;2013;29;3;viernes;sem_santa
30/03/2013;2;2013;30;3;sabado;sem_santa
31/03/2013;0;2013;31;3;domingo;dia_habil
1/04/2013;588;2013;1;4;lunes;dia_habil
2/04/2013;995;2013;2;4;martes;dia_habil
3/04/2013;1165;2013;3;4;miercoles;dia_habil
4/04/2013;1262;2013;4;4;jueves;dia_habil
5/04/2013;1350;2013;5;4;viernes;dia_habil
6/04/2013;301;2013;6;4;sabado;dia_habil
7/04/2013;34;2013;7;4;domingo;dia_habil
8/04/2013;874;2013;8;4;lunes;dia_habil
9/04/2013;1221;2013;9;4;martes;dia_habil
10/04/2013;1204;2013;10;4;miercoles;dia_habil
11/04/2013;1285;2013;11;4;jueves;dia_habil
12/04/2013;1279;2013;12;4;viernes;dia_habil
13/04/2013;394;2013;13;4;sabado;dia_habil
14/04/2013;16;2013;14;4;domingo;dia_habil
15/04/2013;781;2013;15;4;lunes;dia_habil
16/04/2013;1174;2013;16;4;martes;dia_habil
17/04/2013;1153;2013;17;4;miercoles;dia_habil
18/04/2013;1203;2013;18;4;jueves;dia_habil
19/04/2013;1155;2013;19;4;viernes;dia_habil
20/04/2013;348;2013;20;4;sabado;dia_habil
21/04/2013;1;2013;21;4;domingo;dia_habil
22/04/2013;778;2013;22;4;lunes;dia_habil
23/04/2013;1090;2013;23;4;martes;dia_habil
24/04/2013;1161;2013;24;4;miercoles;dia_habil
25/04/2013;1392;2013;25;4;jueves;dia_habil
26/04/2013;1433;2013;26;4;viernes;dia_habil
27/04/2013;411;2013;27;4;sabado;dia_habil
28/04/2013;0;2013;28;4;domingo;dia_habil
29/04/2013;1015;2013;29;4;lunes;dia_habil
30/04/2013;1570;2013;30;4;martes;dia_habil
1/05/2013;19;2013;1;5;miercoles;festivo
2/05/2013;963;2013;2;5;jueves;dia_habil
3/05/2013;1202;2013;3;5;viernes;dia_habil
4/05/2013;355;2013;4;5;sabado;dia_habil
5/05/2013;5;2013;5;5;domingo;dia_habil
6/05/2013;343;2013;6;5;lunes;dia_habil
7/05/2013;657;2013;7;5;martes;dia_habil
8/05/2013;1241;2013;8;5;miercoles;dia_habil
9/05/2013;1428;2013;9;5;jueves;dia_habil
10/05/2013;1626;2013;10;5;viernes;dia_habil
11/05/2013;271;2013;11;5;sabado;dia_habil
12/05/2013;1;2013;12;5;domingo;madres
13/05/2013;0;2013;13;5;lunes;festivo
14/05/2013;914;2013;14;5;martes;dia_habil
15/05/2013;1155;2013;15;5;miercoles;dia_habil
16/05/2013;1164;2013;16;5;jueves;dia_habil
17/05/2013;1245;2013;17;5;viernes;dia_habil
18/05/2013;336;2013;18;5;sabado;dia_habil
19/05/2013;0;2013;19;5;domingo;dia_habil
20/05/2013;765;2013;20;5;lunes;dia_habil
21/05/2013;1087;2013;21;5;martes;dia_habil
22/05/2013;1010;2013;22;5;miercoles;dia_habil
23/05/2013;1251;2013;23;5;jueves;dia_habil
24/05/2013;1117;2013;24;5;viernes;dia_habil
25/05/2013;281;2013;25;5;sabado;dia_habil
26/05/2013;4;2013;26;5;domingo;dia_habil
27/05/2013;962;2013;27;5;lunes;dia_habil
28/05/2013;1062;2013;28;5;martes;dia_habil
29/05/2013;1357;2013;29;5;miercoles;dia_habil
30/05/2013;1485;2013;30;5;jueves;dia_habil
31/05/2013;1529;2013;31;5;viernes;dia_habil
1/06/2013;300;2013;1;6;sabado;dia_habil
2/06/2013;3;2013;2;6;domingo;dia_habil
3/06/2013;0;2013;3;6;lunes;festivo
4/06/2013;698;2013;4;6;martes;dia_habil
5/06/2013;1071;2013;5;6;miercoles;dia_habil
6/06/2013;1184;2013;6;6;jueves;dia_habil
7/06/2013;1382;2013;7;6;viernes;dia_habil
8/06/2013;352;2013;8;6;sabado;dia_habil
9/06/2013;0;2013;9;6;domingo;dia_habil
10/06/2013;0;2013;10;6;lunes;festivo
11/06/2013;758;2013;11;6;martes;dia_habil
12/06/2013;1102;2013;12;6;miercoles;dia_habil
13/06/2013;1238;2013;13;6;jueves;dia_habil
14/06/2013;1211;2013;14;6;viernes;dia_habil
15/06/2013;408;2013;15;6;sabado;dia_habil
16/06/2013;1;2013;16;6;domingo;dia_habil
17/06/2013;933;2013;17;6;lunes;dia_habil
18/06/2013;932;2013;18;6;martes;dia_habil
19/06/2013;1103;2013;19;6;miercoles;dia_habil
20/06/2013;1213;2013;20;6;jueves;dia_habil
21/06/2013;1329;2013;21;6;viernes;dia_habil
22/06/2013;337;2013;22;6;sabado;dia_habil
23/06/2013;0;2013;23;6;domingo;dia_habil
24/06/2013;788;2013;24;6;lunes;dia_habil
25/06/2013;1308;2013;25;6;martes;dia_habil
26/06/2013;1345;2013;26;6;miercoles;dia_habil
27/06/2013;1510;2013;27;6;jueves;dia_habil
28/06/2013;1656;2013;28;6;viernes;dia_habil
29/06/2013;537;2013;29;6;sabado;dia_habil
30/06/2013;20;2013;30;6;domingo;dia_habil
1/07/2013;0;2013;1;7;lunes;festivo
2/07/2013;689;2013;2;7;martes;dia_habil
3/07/2013;1045;2013;3;7;miercoles;dia_habil
4/07/2013;1101;2013;4;7;jueves;dia_habil
5/07/2013;1185;2013;5;7;viernes;dia_habil
6/07/2013;464;2013;6;7;sabado;dia_habil
7/07/2013;0;2013;7;7;domingo;dia_habil
8/07/2013;871;2013;8;7;lunes;dia_habil
9/07/2013;1231;2013;9;7;martes;dia_habil
10/07/2013;1270;2013;10;7;miercoles;dia_habil
11/07/2013;1315;2013;11;7;jueves;dia_habil
12/07/2013;1249;2013;12;7;viernes;dia_habil
13/07/2013;358;2013;13;7;sabado;dia_habil
14/07/2013;0;2013;14;7;domingo;dia_habil
15/07/2013;629;2013;15;7;lunes;dia_habil
16/07/2013;1029;2013;16;7;martes;dia_habil
17/07/2013;1147;2013;17;7;miercoles;dia_habil
18/07/2013;1288;2013;18;7;jueves;dia_habil
19/07/2013;1175;2013;19;7;viernes;dia_habil
20/07/2013;111;2013;20;7;sabado;festivo
21/07/2013;0;2013;21;7;domingo;dia_habil
22/07/2013;889;2013;22;7;lunes;dia_habil
23/07/2013;933;2013;23;7;martes;dia_habil
24/07/2013;1348;2013;24;7;miercoles;dia_habil
25/07/2013;1224;2013;25;7;jueves;dia_habil
26/07/2013;1268;2013;26;7;viernes;dia_habil
27/07/2013;463;2013;27;7;sabado;dia_habil
28/07/2013;0;2013;28;7;domingo;dia_habil
29/07/2013;985;2013;29;7;lunes;dia_habil
30/07/2013;1272;2013;30;7;martes;dia_habil
31/07/2013;1666;2013;31;7;miercoles;dia_habil
1/08/2013;1173;2013;1;8;jueves;dia_habil
2/08/2013;1155;2013;2;8;viernes;dia_habil
3/08/2013;332;2013;3;8;sabado;dia_habil
4/08/2013;0;2013;4;8;domingo;dia_habil
5/08/2013;737;2013;5;8;lunes;dia_habil
6/08/2013;1170;2013;6;8;martes;dia_habil
7/08/2013;23;2013;7;8;miercoles;festivo
8/08/2013;836;2013;8;8;jueves;dia_habil
9/08/2013;1133;2013;9;8;viernes;dia_habil
10/08/2013;504;2013;10;8;sabado;dia_habil
11/08/2013;1;2013;11;8;domingo;dia_habil
12/08/2013;1036;2013;12;8;lunes;dia_habil
13/08/2013;1361;2013;13;8;martes;dia_habil
14/08/2013;1401;2013;14;8;miercoles;dia_habil
15/08/2013;1314;2013;15;8;jueves;dia_habil
16/08/2013;1200;2013;16;8;viernes;dia_habil
17/08/2013;299;2013;17;8;sabado;dia_habil
18/08/2013;0;2013;18;8;domingo;dia_habil
19/08/2013;0;2013;19;8;lunes;festivo
20/08/2013;755;2013;20;8;martes;dia_habil
21/08/2013;1064;2013;21;8;miercoles;dia_habil
22/08/2013;1015;2013;22;8;jueves;dia_habil
23/08/2013;1283;2013;23;8;viernes;dia_habil
24/08/2013;300;2013;24;8;sabado;dia_habil
25/08/2013;0;2013;25;8;domingo;dia_habil
26/08/2013;828;2013;26;8;lunes;dia_habil
27/08/2013;883;2013;27;8;martes;dia_habil
28/08/2013;1209;2013;28;8;miercoles;dia_habil
29/08/2013;1148;2013;29;8;jueves;dia_habil
30/08/2013;1265;2013;30;8;viernes;dia_habil
31/08/2013;431;2013;31;8;sabado;dia_habil
1/09/2013;0;2013;1;9;domingo;dia_habil
2/09/2013;742;2013;2;9;lunes;dia_habil
3/09/2013;907;2013;3;9;martes;dia_habil
4/09/2013;1075;2013;4;9;miercoles;dia_habil
5/09/2013;1152;2013;5;9;jueves;dia_habil
6/09/2013;1087;2013;6;9;viernes;dia_habil
7/09/2013;310;2013;7;9;sabado;dia_habil
8/09/2013;0;2013;8;9;domingo;dia_habil
9/09/2013;878;2013;9;9;lunes;dia_habil
10/09/2013;1275;2013;10;9;martes;dia_habil
11/09/2013;1284;2013;11;9;miercoles;dia_habil
12/09/2013;1249;2013;12;9;jueves;dia_habil
13/09/2013;1227;2013;13;9;viernes;dia_habil
14/09/2013;303;2013;14;9;sabado;dia_habil
15/09/2013;6;2013;15;9;domingo;dia_habil
16/09/2013;912;2013;16;9;lunes;dia_habil
17/09/2013;1124;2013;17;9;martes;dia_habil
18/09/2013;1225;2013;18;9;miercoles;dia_habil
19/09/2013;1233;2013;19;9;jueves;dia_habil
20/09/2013;1143;2013;20;9;viernes;dia_habil
21/09/2013;300;2013;21;9;sabado;dia_habil
22/09/2013;0;2013;22;9;domingo;dia_habil
23/09/2013;851;2013;23;9;lunes;dia_habil
24/09/2013;1121;2013;24;9;martes;dia_habil
25/09/2013;1276;2013;25;9;miercoles;dia_habil
26/09/2013;1388;2013;26;9;jueves;dia_habil
27/09/2013;1307;2013;27;9;viernes;dia_habil
28/09/2013;376;2013;28;9;sabado;dia_habil
29/09/2013;0;2013;29;9;domingo;dia_habil
30/09/2013;1099;2013;30;9;lunes;dia_habil
1/10/2013;1093;2013;1;10;martes;dia_habil
2/10/2013;749;2013;2;10;miercoles;dia_habil
3/10/2013;1235;2013;3;10;jueves;dia_habil
4/10/2013;1340;2013;4;10;viernes;dia_habil
5/10/2013;338;2013;5;10;sabado;dia_habil
6/10/2013;0;2013;6;10;domingo;dia_habil
7/10/2013;983;2013;7;10;lunes;dia_habil
8/10/2013;1252;2013;8;10;martes;dia_habil
9/10/2013;1292;2013;9;10;miercoles;dia_habil
10/10/2013;1358;2013;10;10;jueves;dia_habil
11/10/2013;1283;2013;11;10;viernes;dia_habil
12/10/2013;288;2013;12;10;sabado;dia_habil
13/10/2013;0;2013;13;10;domingo;dia_habil
14/10/2013;0;2013;14;10;lunes;festivo
15/10/2013;651;2013;15;10;martes;dia_habil
16/10/2013;1070;2013;16;10;miercoles;dia_habil
17/10/2013;1161;2013;17;10;jueves;dia_habil
18/10/2013;1124;2013;18;10;viernes;dia_habil
19/10/2013;299;2013;19;10;sabado;dia_habil
20/10/2013;0;2013;20;10;domingo;dia_habil
21/10/2013;853;2013;21;10;lunes;dia_habil
22/10/2013;995;2013;22;10;martes;dia_habil
23/10/2013;1115;2013;23;10;miercoles;dia_habil
24/10/2013;1237;2013;24;10;jueves;dia_habil
25/10/2013;1180;2013;25;10;viernes;dia_habil
26/10/2013;277;2013;26;10;sabado;dia_habil
27/10/2013;0;2013;27;10;domingo;dia_habil
28/10/2013;897;2013;28;10;lunes;dia_habil
29/10/2013;1249;2013;29;10;martes;dia_habil
30/10/2013;1413;2013;30;10;miercoles;dia_habil
31/10/2013;1969;2013;31;10;jueves;brujas
1/11/2013;1143;2013;1;11;viernes;dia_habil
2/11/2013;274;2013;2;11;sabado;dia_habil
3/11/2013;0;2013;3;11;domingo;dia_habil
4/11/2013;0;2013;4;11;lunes;festivo
5/11/2013;883;2013;5;11;martes;dia_habil
6/11/2013;1058;2013;6;11;miercoles;dia_habil
7/11/2013;1395;2013;7;11;jueves;dia_habil
8/11/2013;1291;2013;8;11;viernes;dia_habil
9/11/2013;278;2013;9;11;sabado;dia_habil
10/11/2013;2;2013;10;11;domingo;dia_habil
11/11/2013;0;2013;11;11;lunes;festivo
12/11/2013;917;2013;12;11;martes;dia_habil
13/11/2013;1228;2013;13;11;miercoles;dia_habil
14/11/2013;1334;2013;14;11;jueves;dia_habil
15/11/2013;1394;2013;15;11;viernes;dia_habil
16/11/2013;314;2013;16;11;sabado;dia_habil
17/11/2013;0;2013;17;11;domingo;dia_habil
18/11/2013;883;2013;18;11;lunes;dia_habil
19/11/2013;1157;2013;19;11;martes;dia_habil
20/11/2013;1301;2013;20;11;miercoles;dia_habil
21/11/2013;1290;2013;21;11;jueves;dia_habil
22/11/2013;1277;2013;22;11;viernes;dia_habil
23/11/2013;354;2013;23;11;sabado;dia_habil
24/11/2013;0;2013;24;11;domingo;dia_habil
25/11/2013;957;2013;25;11;lunes;dia_habil
26/11/2013;1307;2013;26;11;martes;dia_habil
27/11/2013;1439;2013;27;11;miercoles;dia_habil
28/11/2013;1389;2013;28;11;jueves;dia_habil
29/11/2013;1656;2013;29;11;viernes;dia_habil
30/11/2013;558;2013;30;11;sabado;dia_habil
1/12/2013;7;2013;1;12;domingo;dia_habil
2/12/2013;792;2013;2;12;lunes;dia_habil
3/12/2013;1064;2013;3;12;martes;dia_habil
4/12/2013;1170;2013;4;12;miercoles;dia_habil
5/12/2013;1313;2013;5;12;jueves;dia_habil
6/12/2013;1433;2013;6;12;viernes;dia_habil
7/12/2013;400;2013;7;12;sabado;dia_habil
8/12/2013;0;2013;8;12;domingo;festivo
9/12/2013;1101;2013;9;12;lunes;dia_habil
10/12/2013;1314;2013;10;12;martes;dia_habil
11/12/2013;1439;2013;11;12;miercoles;dia_habil
12/12/2013;1574;2013;12;12;jueves;dia_habil
13/12/2013;1790;2013;13;12;viernes;dia_habil
14/12/2013;450;2013;14;12;sabado;dia_habil
15/12/2013;3;2013;15;12;domingo;dia_habil
16/12/2013;1043;2013;16;12;lunes;dia_habil
17/12/2013;1439;2013;17;12;martes;dia_habil
18/12/2013;1686;2013;18;12;miercoles;dia_habil
19/12/2013;1810;2013;19;12;jueves;dia_habil
20/12/2013;1866;2013;20;12;viernes;dia_habil
21/12/2013;621;2013;21;12;sabado;dia_habil
22/12/2013;1;2013;22;12;domingo;dia_habil
23/12/2013;1591;2013;23;12;lunes;dia_habil
24/12/2013;1168;2013;24;12;martes;dia_habil
25/12/2013;0;2013;25;12;miercoles;navidad
26/12/2013;1322;2013;26;12;jueves;dia_habil
27/12/2013;2016;2013;27;12;viernes;dia_habil
28/12/2013;1043;2013;28;12;sabado;dia_habil
29/12/2013;1;2013;29;12;domingo;dia_habil
30/12/2013;1927;2013;30;12;lunes;dia_habil
31/12/2013;428;2013;31;12;martes;a_viejo
1/01/2014;0;2014;1;1;miercoles;a_nuevo
2/01/2014;164;2014;2;1;jueves;dia_habil
3/01/2014;289;2014;3;1;viernes;dia_habil
4/01/2014;163;2014;4;1;sabado;dia_habil
5/01/2014;0;2014;5;1;domingo;dia_habil
6/01/2014;0;2014;6;1;lunes;dia_habil
7/01/2014;547;2014;7;1;martes;dia_habil
8/01/2014;718;2014;8;1;miercoles;dia_habil
9/01/2014;627;2014;9;1;jueves;dia_habil
10/01/2014;1269;2014;10;1;viernes;dia_habil
11/01/2014;348;2014;11;1;sabado;dia_habil
12/01/2014;0;2014;12;1;domingo;dia_habil
13/01/2014;854;2014;13;1;lunes;festivo
14/01/2014;755;2014;14;1;martes;dia_habil
15/01/2014;1223;2014;15;1;miercoles;dia_habil
16/01/2014;985;2014;16;1;jueves;dia_habil
17/01/2014;1113;2014;17;1;viernes;dia_habil
18/01/2014;136;2014;18;1;sabado;dia_habil
19/01/2014;1;2014;19;1;domingo;dia_habil
20/01/2014;634;2014;20;1;lunes;dia_habil
21/01/2014;1025;2014;21;1;martes;dia_habil
22/01/2014;1140;2014;22;1;miercoles;dia_habil
23/01/2014;1052;2014;23;1;jueves;dia_habil
24/01/2014;931;2014;24;1;viernes;dia_habil
25/01/2014;397;2014;25;1;sabado;dia_habil
26/01/2014;1;2014;26;1;domingo;dia_habil
27/01/2014;599;2014;27;1;lunes;dia_habil
28/01/2014;1195;2014;28;1;martes;dia_habil
29/01/2014;1177;2014;29;1;miercoles;dia_habil
30/01/2014;1158;2014;30;1;jueves;dia_habil
31/01/2014;1719;2014;31;1;viernes;dia_habil
1/02/2014;231;2014;1;2;sabado;dia_habil
2/02/2014;6;2014;2;2;domingo;dia_habil
3/02/2014;708;2014;3;2;lunes;dia_habil
4/02/2014;940;2014;4;2;martes;dia_habil
5/02/2014;1091;2014;5;2;miercoles;dia_habil
6/02/2014;1325;2014;6;2;jueves;dia_habil
7/02/2014;1317;2014;7;2;viernes;dia_habil
8/02/2014;351;2014;8;2;sabado;dia_habil
9/02/2014;0;2014;9;2;domingo;dia_habil
10/02/2014;936;2014;10;2;lunes;dia_habil
11/02/2014;953;2014;11;2;martes;dia_habil
12/02/2014;1291;2014;12;2;miercoles;dia_habil
13/02/2014;1115;2014;13;2;jueves;dia_habil
14/02/2014;1226;2014;14;2;viernes;dia_habil
15/02/2014;293;2014;15;2;sabado;dia_habil
16/02/2014;0;2014;16;2;domingo;dia_habil
17/02/2014;848;2014;17;2;lunes;dia_habil
18/02/2014;1030;2014;18;2;martes;dia_habil
19/02/2014;1075;2014;19;2;miercoles;dia_habil
20/02/2014;1085;2014;20;2;jueves;dia_habil
21/02/2014;1188;2014;21;2;viernes;dia_habil
22/02/2014;310;2014;22;2;sabado;dia_habil
23/02/2014;0;2014;23;2;domingo;dia_habil
24/02/2014;861;2014;24;2;lunes;dia_habil
25/02/2014;1123;2014;25;2;martes;dia_habil
26/02/2014;1321;2014;26;2;miercoles;dia_habil
27/02/2014;1476;2014;27;2;jueves;dia_habil
28/02/2014;1770;2014;28;2;viernes;dia_habil
1/03/2014;211;2014;1;3;sabado;dia_habil
2/03/2014;0;2014;2;3;domingo;dia_habil
3/03/2014;660;2014;3;3;lunes;dia_habil
4/03/2014;867;2014;4;3;martes;dia_habil
5/03/2014;1021;2014;5;3;miercoles;dia_habil
6/03/2014;1175;2014;6;3;jueves;dia_habil
7/03/2014;1327;2014;7;3;viernes;dia_habil
8/03/2014;331;2014;8;3;sabado;dia_habil
9/03/2014;0;2014;9;3;domingo;dia_habil
10/03/2014;831;2014;10;3;lunes;dia_habil
11/03/2014;1166;2014;11;3;martes;dia_habil
12/03/2014;1163;2014;12;3;miercoles;dia_habil
13/03/2014;1216;2014;13;3;jueves;dia_habil
14/03/2014;1220;2014;14;3;viernes;dia_habil
15/03/2014;343;2014;15;3;sabado;dia_habil
16/03/2014;6;2014;16;3;domingo;dia_habil
17/03/2014;735;2014;17;3;lunes;dia_habil
18/03/2014;1061;2014;18;3;martes;dia_habil
19/03/2014;1135;2014;19;3;miercoles;dia_habil
20/03/2014;1240;2014;20;3;jueves;dia_habil
21/03/2014;1374;2014;21;3;viernes;dia_habil
22/03/2014;335;2014;22;3;sabado;dia_habil
23/03/2014;1;2014;23;3;domingo;dia_habil
24/03/2014;0;2014;24;3;lunes;festivo
25/03/2014;879;2014;25;3;martes;dia_habil
26/03/2014;1303;2014;26;3;miercoles;dia_habil
27/03/2014;1439;2014;27;3;jueves;dia_habil
28/03/2014;1280;2014;28;3;viernes;dia_habil
29/03/2014;653;2014;29;3;sabado;dia_habil
30/03/2014;2;2014;30;3;domingo;dia_habil
31/03/2014;1210;2014;31;3;lunes;dia_habil
1/04/2014;1219;2014;1;4;martes;dia_habil
2/04/2014;960;2014;2;4;miercoles;dia_habil
3/04/2014;1220;2014;3;4;jueves;dia_habil
4/04/2014;1438;2014;4;4;viernes;dia_habil
5/04/2014;382;2014;5;4;sabado;dia_habil
6/04/2014;0;2014;6;4;domingo;dia_habil
7/04/2014;1087;2014;7;4;lunes;dia_habil
8/04/2014;1290;2014;8;4;martes;dia_habil
9/04/2014;1480;2014;9;4;miercoles;dia_habil
10/04/2014;1582;2014;10;4;jueves;dia_habil
11/04/2014;1575;2014;11;4;viernes;dia_habil
12/04/2014;228;2014;12;4;sabado;dia_habil
13/04/2014;0;2014;13;4;domingo;sem_santa
14/04/2014;1321;2014;14;4;lunes;sem_santa
15/04/2014;1133;2014;15;4;martes;sem_santa
16/04/2014;886;2014;16;4;miercoles;sem_santa
17/04/2014;0;2014;17;4;jueves;sem_santa
18/04/2014;0;2014;18;4;viernes;sem_santa
19/04/2014;0;2014;19;4;sabado;sem_santa
20/04/2014;0;2014;20;4;domingo;dia_habil
21/04/2014;684;2014;21;4;lunes;dia_habil
22/04/2014;1079;2014;22;4;martes;dia_habil
23/04/2014;1182;2014;23;4;miercoles;dia_habil
24/04/2014;1386;2014;24;4;jueves;dia_habil
25/04/2014;1157;2014;25;4;viernes;dia_habil
26/04/2014;479;2014;26;4;sabado;dia_habil
27/04/2014;1;2014;27;4;domingo;dia_habil
28/04/2014;1081;2014;28;4;lunes;dia_habil
29/04/2014;1427;2014;29;4;martes;dia_habil
30/04/2014;1945;2014;30;4;miercoles;dia_habil
1/05/2014;2;2014;1;5;jueves;festivo
2/05/2014;917;2014;2;5;viernes;dia_habil
3/05/2014;294;2014;3;5;sabado;dia_habil
4/05/2014;1;2014;4;5;domingo;dia_habil
5/05/2014;849;2014;5;5;lunes;dia_habil
6/05/2014;1070;2014;6;5;martes;dia_habil
7/05/2014;1127;2014;7;5;miercoles;dia_habil
8/05/2014;1240;2014;8;5;jueves;dia_habil
9/05/2014;1202;2014;9;5;viernes;dia_habil
10/05/2014;316;2014;10;5;sabado;dia_habil
11/05/2014;0;2014;11;5;domingo;madres
12/05/2014;788;2014;12;5;lunes;dia_habil
13/05/2014;1193;2014;13;5;martes;dia_habil
14/05/2014;1272;2014;14;5;miercoles;dia_habil
15/05/2014;1218;2014;15;5;jueves;dia_habil
16/05/2014;1235;2014;16;5;viernes;dia_habil
17/05/2014;362;2014;17;5;sabado;dia_habil
18/05/2014;1;2014;18;5;domingo;dia_habil
19/05/2014;822;2014;19;5;lunes;dia_habil
20/05/2014;1140;2014;20;5;martes;dia_habil
21/05/2014;1210;2014;21;5;miercoles;dia_habil
22/05/2014;1249;2014;22;5;jueves;dia_habil
23/05/2014;1227;2014;23;5;viernes;dia_habil
24/05/2014;390;2014;24;5;sabado;dia_habil
25/05/2014;0;2014;25;5;domingo;dia_habil
26/05/2014;729;2014;26;5;lunes;dia_habil
27/05/2014;1282;2014;27;5;martes;dia_habil
28/05/2014;1689;2014;28;5;miercoles;dia_habil
29/05/2014;1625;2014;29;5;jueves;dia_habil
30/05/2014;1890;2014;30;5;viernes;dia_habil
31/05/2014;673;2014;31;5;sabado;dia_habil
1/06/2014;1;2014;1;6;domingo;dia_habil
2/06/2014;0;2014;2;6;lunes;festivo
3/06/2014;760;2014;3;6;martes;dia_habil
4/06/2014;998;2014;4;6;miercoles;dia_habil
5/06/2014;1232;2014;5;6;jueves;dia_habil
6/06/2014;1229;2014;6;6;viernes;dia_habil
7/06/2014;368;2014;7;6;sabado;dia_habil
8/06/2014;1;2014;8;6;domingo;dia_habil
9/06/2014;1049;2014;9;6;lunes;dia_habil
10/06/2014;1213;2014;10;6;martes;dia_habil
11/06/2014;1317;2014;11;6;miercoles;dia_habil
12/06/2014;1233;2014;12;6;jueves;dia_habil
13/06/2014;847;2014;13;6;viernes;dia_habil
14/06/2014;410;2014;14;6;sabado;dia_habil
15/06/2014;0;2014;15;6;domingo;dia_habil
16/06/2014;1102;2014;16;6;lunes;dia_habil
17/06/2014;1195;2014;17;6;martes;dia_habil
18/06/2014;1161;2014;18;6;miercoles;dia_habil
19/06/2014;1198;2014;19;6;jueves;dia_habil
20/06/2014;1232;2014;20;6;viernes;dia_habil
21/06/2014;333;2014;21;6;sabado;dia_habil
22/06/2014;1;2014;22;6;domingo;dia_habil
23/06/2014;0;2014;23;6;lunes;festivo
24/06/2014;829;2014;24;6;martes;dia_habil
25/06/2014;1220;2014;25;6;miercoles;dia_habil
26/06/2014;1489;2014;26;6;jueves;dia_habil
27/06/2014;1889;2014;27;6;viernes;dia_habil
28/06/2014;839;2014;28;6;sabado;dia_habil
29/06/2014;1;2014;29;6;domingo;dia_habil
30/06/2014;5;2014;30;6;lunes;festivo
1/07/2014;543;2014;1;7;martes;dia_habil
2/07/2014;1001;2014;2;7;miercoles;dia_habil
3/07/2014;1143;2014;3;7;jueves;dia_habil
4/07/2014;920;2014;4;7;viernes;dia_habil
5/07/2014;245;2014;5;7;sabado;dia_habil
6/07/2014;0;2014;6;7;domingo;dia_habil
7/07/2014;768;2014;7;7;lunes;dia_habil
8/07/2014;1172;2014;8;7;martes;dia_habil
9/07/2014;1181;2014;9;7;miercoles;dia_habil
10/07/2014;1273;2014;10;7;jueves;dia_habil
11/07/2014;1229;2014;11;7;viernes;dia_habil
12/07/2014;383;2014;12;7;sabado;dia_habil
13/07/2014;1;2014;13;7;domingo;dia_habil
14/07/2014;952;2014;14;7;lunes;dia_habil
15/07/2014;1174;2014;15;7;martes;dia_habil
16/07/2014;955;2014;16;7;miercoles;dia_habil
17/07/2014;1345;2014;17;7;jueves;dia_habil
18/07/2014;1133;2014;18;7;viernes;dia_habil
19/07/2014;329;2014;19;7;sabado;dia_habil
20/07/2014;2;2014;20;7;domingo;festivo
21/07/2014;686;2014;21;7;lunes;dia_habil
22/07/2014;1212;2014;22;7;martes;dia_habil
23/07/2014;1168;2014;23;7;miercoles;dia_habil
24/07/2014;1334;2014;24;7;jueves;dia_habil
25/07/2014;1260;2014;25;7;viernes;dia_habil
26/07/2014;528;2014;26;7;sabado;dia_habil
27/07/2014;3;2014;27;7;domingo;dia_habil
28/07/2014;1075;2014;28;7;lunes;dia_habil
29/07/2014;1476;2014;29;7;martes;dia_habil
30/07/2014;1724;2014;30;7;miercoles;dia_habil
31/07/2014;1552;2014;31;7;jueves;dia_habil
1/08/2014;1604;2014;1;8;viernes;dia_habil
2/08/2014;318;2014;2;8;sabado;dia_habil
3/08/2014;0;2014;3;8;domingo;dia_habil
4/08/2014;825;2014;4;8;lunes;dia_habil
5/08/2014;1034;2014;5;8;martes;dia_habil
6/08/2014;1318;2014;6;8;miercoles;dia_habil
7/08/2014;4;2014;7;8;jueves;festivo
8/08/2014;1239;2014;8;8;viernes;dia_habil
9/08/2014;368;2014;9;8;sabado;dia_habil
10/08/2014;1;2014;10;8;domingo;dia_habil
11/08/2014;1047;2014;11;8;lunes;dia_habil
12/08/2014;1160;2014;12;8;martes;dia_habil
13/08/2014;1553;2014;13;8;miercoles;dia_habil
14/08/2014;1604;2014;14;8;jueves;dia_habil
15/08/2014;1423;2014;15;8;viernes;dia_habil
16/08/2014;344;2014;16;8;sabado;dia_habil
17/08/2014;0;2014;17;8;domingo;dia_habil
18/08/2014;0;2014;18;8;lunes;festivo
19/08/2014;927;2014;19;8;martes;dia_habil
20/08/2014;1108;2014;20;8;miercoles;dia_habil
21/08/2014;1291;2014;21;8;jueves;dia_habil
22/08/2014;1400;2014;22;8;viernes;dia_habil
23/08/2014;384;2014;23;8;sabado;dia_habil
24/08/2014;1;2014;24;8;domingo;dia_habil
25/08/2014;865;2014;25;8;lunes;dia_habil
26/08/2014;1479;2014;26;8;martes;dia_habil
27/08/2014;1622;2014;27;8;miercoles;dia_habil
28/08/2014;1723;2014;28;8;jueves;dia_habil
29/08/2014;1969;2014;29;8;viernes;dia_habil
30/08/2014;917;2014;30;8;sabado;dia_habil
31/08/2014;8;2014;31;8;domingo;dia_habil
1/09/2014;810;2014;1;9;lunes;dia_habil
2/09/2014;803;2014;2;9;martes;dia_habil
3/09/2014;1297;2014;3;9;miercoles;dia_habil
4/09/2014;1477;2014;4;9;jueves;dia_habil
5/09/2014;1346;2014;5;9;viernes;dia_habil
6/09/2014;408;2014;6;9;sabado;dia_habil
7/09/2014;1;2014;7;9;domingo;dia_habil
8/09/2014;1042;2014;8;9;lunes;dia_habil
9/09/2014;1254;2014;9;9;martes;dia_habil
10/09/2014;1497;2014;10;9;miercoles;dia_habil
11/09/2014;1378;2014;11;9;jueves;dia_habil
12/09/2014;1256;2014;12;9;viernes;dia_habil
13/09/2014;472;2014;13;9;sabado;dia_habil
14/09/2014;1;2014;14;9;domingo;dia_habil
15/09/2014;938;2014;15;9;lunes;dia_habil
16/09/2014;1225;2014;16;9;martes;dia_habil
17/09/2014;1384;2014;17;9;miercoles;dia_habil
18/09/2014;1311;2014;18;9;jueves;dia_habil
19/09/2014;1218;2014;19;9;viernes;dia_habil
20/09/2014;328;2014;20;9;sabado;dia_habil
21/09/2014;0;2014;21;9;domingo;dia_habil
22/09/2014;890;2014;22;9;lunes;dia_habil
23/09/2014;1206;2014;23;9;martes;dia_habil
24/09/2014;1335;2014;24;9;miercoles;dia_habil
25/09/2014;1466;2014;25;9;jueves;dia_habil
26/09/2014;1514;2014;26;9;viernes;dia_habil
27/09/2014;469;2014;27;9;sabado;dia_habil
28/09/2014;10;2014;28;9;domingo;dia_habil
29/09/2014;1285;2014;29;9;lunes;dia_habil
30/09/2014;2026;2014;30;9;martes;dia_habil
1/10/2014;1156;2014;1;10;miercoles;dia_habil
2/10/2014;1286;2014;2;10;jueves;dia_habil
3/10/2014;1165;2014;3;10;viernes;dia_habil
4/10/2014;333;2014;4;10;sabado;dia_habil
5/10/2014;0;2014;5;10;domingo;dia_habil
6/10/2014;929;2014;6;10;lunes;dia_habil
7/10/2014;1290;2014;7;10;martes;dia_habil
8/10/2014;1457;2014;8;10;miercoles;dia_habil
9/10/2014;989;2014;9;10;jueves;dia_habil
10/10/2014;1861;2014;10;10;viernes;dia_habil
11/10/2014;370;2014;11;10;sabado;dia_habil
12/10/2014;5;2014;12;10;domingo;dia_habil
13/10/2014;0;2014;13;10;lunes;festivo
14/10/2014;969;2014;14;10;martes;dia_habil
15/10/2014;1261;2014;15;10;miercoles;dia_habil
16/10/2014;1369;2014;16;10;jueves;dia_habil
17/10/2014;1349;2014;17;10;viernes;dia_habil
18/10/2014;389;2014;18;10;sabado;dia_habil
19/10/2014;2;2014;19;10;domingo;dia_habil
20/10/2014;931;2014;20;10;lunes;dia_habil
21/10/2014;1175;2014;21;10;martes;dia_habil
22/10/2014;1360;2014;22;10;miercoles;dia_habil
23/10/2014;1344;2014;23;10;jueves;dia_habil
24/10/2014;1404;2014;24;10;viernes;dia_habil
25/10/2014;373;2014;25;10;sabado;dia_habil
26/10/2014;0;2014;26;10;domingo;dia_habil
27/10/2014;1095;2014;27;10;lunes;dia_habil
28/10/2014;1459;2014;28;10;martes;dia_habil
29/10/2014;1871;2014;29;10;miercoles;dia_habil
30/10/2014;1827;2014;30;10;jueves;dia_habil
31/10/2014;2514;2014;31;10;viernes;brujas
1/11/2014;230;2014;1;11;sabado;dia_habil
2/11/2014;1;2014;2;11;domingo;dia_habil
3/11/2014;0;2014;3;11;lunes;festivo
4/11/2014;674;2014;4;11;martes;dia_habil
5/11/2014;959;2014;5;11;miercoles;dia_habil
6/11/2014;1373;2014;6;11;jueves;dia_habil
7/11/2014;1360;2014;7;11;viernes;dia_habil
8/11/2014;350;2014;8;11;sabado;dia_habil
9/11/2014;0;2014;9;11;domingo;dia_habil
10/11/2014;852;2014;10;11;lunes;dia_habil
11/11/2014;473;2014;11;11;martes;dia_habil
12/11/2014;1681;2014;12;11;miercoles;dia_habil
13/11/2014;1596;2014;13;11;jueves;dia_habil
14/11/2014;1535;2014;14;11;viernes;dia_habil
15/11/2014;391;2014;15;11;sabado;dia_habil
16/11/2014;23;2014;16;11;domingo;dia_habil
17/11/2014;0;2014;17;11;lunes;festivo
18/11/2014;915;2014;18;11;martes;dia_habil
19/11/2014;1192;2014;19;11;miercoles;dia_habil
20/11/2014;1137;2014;20;11;jueves;dia_habil
21/11/2014;1558;2014;21;11;viernes;dia_habil
22/11/2014;422;2014;22;11;sabado;dia_habil
23/11/2014;0;2014;23;11;domingo;dia_habil
24/11/2014;1080;2014;24;11;lunes;dia_habil
25/11/2014;1333;2014;25;11;martes;dia_habil
26/11/2014;1555;2014;26;11;miercoles;dia_habil
27/11/2014;1784;2014;27;11;jueves;dia_habil
28/11/2014;2098;2014;28;11;viernes;dia_habil
29/11/2014;1175;2014;29;11;sabado;dia_habil
30/11/2014;69;2014;30;11;domingo;dia_habil
1/12/2014;684;2014;1;12;lunes;dia_habil
2/12/2014;1055;2014;2;12;martes;dia_habil
3/12/2014;1285;2014;3;12;miercoles;dia_habil
4/12/2014;1699;2014;4;12;jueves;dia_habil
5/12/2014;1769;2014;5;12;viernes;dia_habil
6/12/2014;348;2014;6;12;sabado;dia_habil
7/12/2014;1;2014;7;12;domingo;dia_habil
8/12/2014;0;2014;8;12;lunes;festivo
9/12/2014;1175;2014;9;12;martes;dia_habil
10/12/2014;1786;2014;10;12;miercoles;dia_habil
11/12/2014;1864;2014;11;12;jueves;dia_habil
12/12/2014;2289;2014;12;12;viernes;dia_habil
13/12/2014;700;2014;13;12;sabado;dia_habil
14/12/2014;1;2014;14;12;domingo;dia_habil
15/12/2014;1516;2014;15;12;lunes;dia_habil
16/12/2014;1941;2014;16;12;martes;dia_habil
17/12/2014;2108;2014;17;12;miercoles;dia_habil
18/12/2014;2360;2014;18;12;jueves;dia_habil
19/12/2014;2391;2014;19;12;viernes;dia_habil
20/12/2014;624;2014;20;12;sabado;dia_habil
21/12/2014;1;2014;21;12;domingo;dia_habil
22/12/2014;1415;2014;22;12;lunes;dia_habil
23/12/2014;2593;2014;23;12;martes;dia_habil
24/12/2014;1909;2014;24;12;miercoles;dia_habil
25/12/2014;0;2014;25;12;jueves;navidad
26/12/2014;1656;2014;26;12;viernes;dia_habil
27/12/2014;983;2014;27;12;sabado;dia_habil
28/12/2014;0;2014;28;12;domingo;dia_habil
29/12/2014;2106;2014;29;12;lunes;dia_habil
30/12/2014;3437;2014;30;12;martes;dia_habil
31/12/2014;822;2014;31;12;miercoles;a_viejo
1/01/2015;0;2015;1;1;jueves;a_nuevo
2/01/2015;117;2015;2;1;viernes;dia_habil
3/01/2015;76;2015;3;1;sabado;dia_habil
4/01/2015;0;2015;4;1;domingo;dia_habil
5/01/2015;325;2015;5;1;lunes;dia_habil
6/01/2015;739;2015;6;1;martes;dia_habil
7/01/2015;1128;2015;7;1;miercoles;dia_habil
8/01/2015;1067;2015;8;1;jueves;dia_habil
9/01/2015;1180;2015;9;1;viernes;dia_habil
10/01/2015;377;2015;10;1;sabado;dia_habil
11/01/2015;0;2015;11;1;domingo;dia_habil
12/01/2015;2;2015;12;1;lunes;festivo
13/01/2015;859;2015;13;1;martes;dia_habil
14/01/2015;1111;2015;14;1;miercoles;dia_habil
15/01/2015;949;2015;15;1;jueves;dia_habil
16/01/2015;1271;2015;16;1;viernes;dia_habil
17/01/2015;394;2015;17;1;sabado;dia_habil
18/01/2015;0;2015;18;1;domingo;dia_habil
19/01/2015;811;2015;19;1;lunes;dia_habil
20/01/2015;1097;2015;20;1;martes;dia_habil
21/01/2015;1169;2015;21;1;miercoles;dia_habil
22/01/2015;1044;2015;22;1;jueves;dia_habil
23/01/2015;772;2015;23;1;viernes;dia_habil
24/01/2015;323;2015;24;1;sabado;dia_habil
25/01/2015;0;2015;25;1;domingo;dia_habil
26/01/2015;731;2015;26;1;lunes;dia_habil
27/01/2015;1164;2015;27;1;martes;dia_habil
28/01/2015;1171;2015;28;1;miercoles;dia_habil
29/01/2015;1250;2015;29;1;jueves;dia_habil
30/01/2015;1580;2015;30;1;viernes;dia_habil
31/01/2015;659;2015;31;1;sabado;dia_habil
1/02/2015;1;2015;1;2;domingo;dia_habil
2/02/2015;739;2015;2;2;lunes;dia_habil
3/02/2015;880;2015;3;2;martes;dia_habil
4/02/2015;1033;2015;4;2;miercoles;dia_habil
5/02/2015;1016;2015;5;2;jueves;dia_habil
6/02/2015;1181;2015;6;2;viernes;dia_habil
7/02/2015;312;2015;7;2;sabado;dia_habil
8/02/2015;0;2015;8;2;domingo;dia_habil
9/02/2015;856;2015;9;2;lunes;dia_habil
10/02/2015;1074;2015;10;2;martes;dia_habil
11/02/2015;1203;2015;11;2;miercoles;dia_habil
12/02/2015;1145;2015;12;2;jueves;dia_habil
13/02/2015;1091;2015;13;2;viernes;dia_habil
14/02/2015;274;2015;14;2;sabado;dia_habil
15/02/2015;1;2015;15;2;domingo;dia_habil
16/02/2015;667;2015;16;2;lunes;festivo
17/02/2015;994;2015;17;2;martes;dia_habil
18/02/2015;1081;2015;18;2;miercoles;dia_habil
19/02/2015;1136;2015;19;2;jueves;dia_habil
20/02/2015;1121;2015;20;2;viernes;dia_habil
21/02/2015;331;2015;21;2;sabado;dia_habil
22/02/2015;22;2015;22;2;domingo;dia_habil
23/02/2015;787;2015;23;2;lunes;dia_habil
24/02/2015;1153;2015;24;2;martes;dia_habil
25/02/2015;1242;2015;25;2;miercoles;dia_habil
26/02/2015;1188;2015;26;2;jueves;dia_habil
27/02/2015;1791;2015;27;2;viernes;dia_habil
28/02/2015;691;2015;28;2;sabado;dia_habil
1/03/2015;0;2015;1;3;domingo;dia_habil
2/03/2015;438;2015;2;3;lunes;dia_habil
3/03/2015;1071;2015;3;3;martes;dia_habil
4/03/2015;1129;2015;4;3;miercoles;dia_habil
5/03/2015;1310;2015;5;3;jueves;dia_habil
6/03/2015;1126;2015;6;3;viernes;dia_habil
7/03/2015;293;2015;7;3;sabado;dia_habil
8/03/2015;1;2015;8;3;domingo;dia_habil
9/03/2015;665;2015;9;3;lunes;dia_habil
10/03/2015;1051;2015;10;3;martes;dia_habil
11/03/2015;1196;2015;11;3;miercoles;dia_habil
12/03/2015;1184;2015;12;3;jueves;dia_habil
13/03/2015;1141;2015;13;3;viernes;dia_habil
14/03/2015;314;2015;14;3;sabado;dia_habil
15/03/2015;0;2015;15;3;domingo;dia_habil
16/03/2015;734;2015;16;3;lunes;dia_habil
17/03/2015;974;2015;17;3;martes;dia_habil
18/03/2015;1118;2015;18;3;miercoles;dia_habil
19/03/2015;1091;2015;19;3;jueves;dia_habil
20/03/2015;1210;2015;20;3;viernes;dia_habil
21/03/2015;312;2015;21;3;sabado;dia_habil
22/03/2015;0;2015;22;3;domingo;dia_habil
23/03/2015;0;2015;23;3;lunes;festivo
24/03/2015;862;2015;24;3;martes;dia_habil
25/03/2015;1098;2015;25;3;miercoles;dia_habil
26/03/2015;1174;2015;26;3;jueves;dia_habil
27/03/2015;1723;2015;27;3;viernes;dia_habil
28/03/2015;541;2015;28;3;sabado;dia_habil
29/03/2015;29;2015;29;3;domingo;sem_santa
30/03/2015;1333;2015;30;3;lunes;sem_santa
31/03/2015;1692;2015;31;3;martes;sem_santa
1/04/2015;613;2015;1;4;miercoles;sem_santa
2/04/2015;0;2015;2;4;jueves;sem_santa
3/04/2015;0;2015;3;4;viernes;sem_santa
4/04/2015;1;2015;4;4;sabado;sem_santa
5/04/2015;0;2015;5;4;domingo;dia_habil
6/04/2015;634;2015;6;4;lunes;dia_habil
7/04/2015;882;2015;7;4;martes;dia_habil
8/04/2015;1030;2015;8;4;miercoles;dia_habil
9/04/2015;1098;2015;9;4;jueves;dia_habil
10/04/2015;1110;2015;10;4;viernes;dia_habil
11/04/2015;316;2015;11;4;sabado;dia_habil
12/04/2015;0;2015;12;4;domingo;dia_habil
13/04/2015;740;2015;13;4;lunes;dia_habil
14/04/2015;1112;2015;14;4;martes;dia_habil
15/04/2015;1114;2015;15;4;miercoles;dia_habil
16/04/2015;1072;2015;16;4;jueves;dia_habil
17/04/2015;1086;2015;17;4;viernes;dia_habil
18/04/2015;251;2015;18;4;sabado;dia_habil
19/04/2015;11;2015;19;4;domingo;dia_habil
20/04/2015;749;2015;20;4;lunes;dia_habil
21/04/2015;972;2015;21;4;martes;dia_habil
22/04/2015;1042;2015;22;4;miercoles;dia_habil
23/04/2015;1089;2015;23;4;jueves;dia_habil
24/04/2015;1042;2015;24;4;viernes;dia_habil
25/04/2015;383;2015;25;4;sabado;dia_habil
26/04/2015;0;2015;26;4;domingo;dia_habil
27/04/2015;816;2015;27;4;lunes;dia_habil
28/04/2015;1326;2015;28;4;martes;dia_habil
29/04/2015;1487;2015;29;4;miercoles;dia_habil
30/04/2015;2007;2015;30;4;jueves;dia_habil
1/05/2015;0;2015;1;5;viernes;festivo
2/05/2015;117;2015;2;5;sabado;dia_habil
3/05/2015;0;2015;3;5;domingo;dia_habil
4/05/2015;555;2015;4;5;lunes;dia_habil
5/05/2015;839;2015;5;5;martes;dia_habil
6/05/2015;1005;2015;6;5;miercoles;dia_habil
7/05/2015;1183;2015;7;5;jueves;dia_habil
8/05/2015;1212;2015;8;5;viernes;dia_habil
9/05/2015;310;2015;9;5;sabado;dia_habil
10/05/2015;0;2015;10;5;domingo;madres
11/05/2015;797;2015;11;5;lunes;dia_habil
12/05/2015;1091;2015;12;5;martes;dia_habil
13/05/2015;1107;2015;13;5;miercoles;dia_habil
14/05/2015;1222;2015;14;5;jueves;dia_habil
15/05/2015;1203;2015;15;5;viernes;dia_habil
16/05/2015;327;2015;16;5;sabado;dia_habil
17/05/2015;2;2015;17;5;domingo;dia_habil
18/05/2015;0;2015;18;5;lunes;festivo
19/05/2015;792;2015;19;5;martes;dia_habil
20/05/2015;1034;2015;20;5;miercoles;dia_habil
21/05/2015;1065;2015;21;5;jueves;dia_habil
22/05/2015;1159;2015;22;5;viernes;dia_habil
23/05/2015;323;2015;23;5;sabado;dia_habil
24/05/2015;0;2015;24;5;domingo;dia_habil
25/05/2015;916;2015;25;5;lunes;dia_habil
26/05/2015;1174;2015;26;5;martes;dia_habil
27/05/2015;1244;2015;27;5;miercoles;dia_habil
28/05/2015;1419;2015;28;5;jueves;dia_habil
29/05/2015;1725;2015;29;5;viernes;dia_habil
30/05/2015;827;2015;30;5;sabado;dia_habil
31/05/2015;1;2015;31;5;domingo;dia_habil
1/06/2015;524;2015;1;6;lunes;dia_habil
2/06/2015;820;2015;2;6;martes;dia_habil
3/06/2015;1033;2015;3;6;miercoles;dia_habil
4/06/2015;1201;2015;4;6;jueves;dia_habil
5/06/2015;1180;2015;5;6;viernes;dia_habil
6/06/2015;334;2015;6;6;sabado;dia_habil
7/06/2015;2;2015;7;6;domingo;dia_habil
8/06/2015;0;2015;8;6;lunes;festivo
9/06/2015;808;2015;9;6;martes;dia_habil
10/06/2015;1149;2015;10;6;miercoles;dia_habil
11/06/2015;1233;2015;11;6;jueves;dia_habil
12/06/2015;1239;2015;12;6;viernes;dia_habil
13/06/2015;437;2015;13;6;sabado;dia_habil
14/06/2015;0;2015;14;6;domingo;dia_habil
15/06/2015;0;2015;15;6;lunes;festivo
16/06/2015;732;2015;16;6;martes;dia_habil
17/06/2015;1051;2015;17;6;miercoles;dia_habil
18/06/2015;1169;2015;18;6;jueves;dia_habil
19/06/2015;1141;2015;19;6;viernes;dia_habil
20/06/2015;397;2015;20;6;sabado;dia_habil
21/06/2015;0;2015;21;6;domingo;dia_habil
22/06/2015;686;2015;22;6;lunes;dia_habil
23/06/2015;1188;2015;23;6;martes;dia_habil
24/06/2015;1236;2015;24;6;miercoles;dia_habil
25/06/2015;1463;2015;25;6;jueves;dia_habil
26/06/2015;1420;2015;26;6;viernes;dia_habil
27/06/2015;530;2015;27;6;sabado;dia_habil
28/06/2015;7;2015;28;6;domingo;dia_habil
29/06/2015;0;2015;29;6;lunes;festivo
30/06/2015;1643;2015;30;6;martes;dia_habil
1/07/2015;743;2015;1;7;miercoles;dia_habil
2/07/2015;985;2015;2;7;jueves;dia_habil
3/07/2015;1099;2015;3;7;viernes;dia_habil
4/07/2015;310;2015;4;7;sabado;dia_habil
5/07/2015;2;2015;5;7;domingo;dia_habil
6/07/2015;639;2015;6;7;lunes;dia_habil
7/07/2015;1088;2015;7;7;martes;dia_habil
8/07/2015;1257;2015;8;7;miercoles;dia_habil
9/07/2015;1201;2015;9;7;jueves;dia_habil
10/07/2015;1226;2015;10;7;viernes;dia_habil
11/07/2015;364;2015;11;7;sabado;dia_habil
12/07/2015;20;2015;12;7;domingo;dia_habil
13/07/2015;864;2015;13;7;lunes;dia_habil
14/07/2015;1080;2015;14;7;martes;dia_habil
15/07/2015;1226;2015;15;7;miercoles;dia_habil
16/07/2015;1182;2015;16;7;jueves;dia_habil
17/07/2015;1002;2015;17;7;viernes;dia_habil
18/07/2015;324;2015;18;7;sabado;dia_habil
19/07/2015;0;2015;19;7;domingo;dia_habil
20/07/2015;0;2015;20;7;lunes;festivo
21/07/2015;731;2015;21;7;martes;dia_habil
22/07/2015;1041;2015;22;7;miercoles;dia_habil
23/07/2015;1329;2015;23;7;jueves;dia_habil
24/07/2015;1110;2015;24;7;viernes;dia_habil
25/07/2015;420;2015;25;7;sabado;dia_habil
26/07/2015;8;2015;26;7;domingo;dia_habil
27/07/2015;1010;2015;27;7;lunes;dia_habil
28/07/2015;1322;2015;28;7;martes;dia_habil
29/07/2015;1486;2015;29;7;miercoles;dia_habil
30/07/2015;1589;2015;30;7;jueves;dia_habil
31/07/2015;2083;2015;31;7;viernes;dia_habil
1/08/2015;244;2015;1;8;sabado;dia_habil
2/08/2015;0;2015;2;8;domingo;dia_habil
3/08/2015;651;2015;3;8;lunes;dia_habil
4/08/2015;1023;2015;4;8;martes;dia_habil
5/08/2015;1211;2015;5;8;miercoles;dia_habil
6/08/2015;1254;2015;6;8;jueves;dia_habil
7/08/2015;28;2015;7;8;viernes;festivo
8/08/2015;245;2015;8;8;sabado;dia_habil
9/08/2015;0;2015;9;8;domingo;dia_habil
10/08/2015;865;2015;10;8;lunes;dia_habil
11/08/2015;1143;2015;11;8;martes;dia_habil
12/08/2015;1157;2015;12;8;miercoles;dia_habil
13/08/2015;1194;2015;13;8;jueves;dia_habil
14/08/2015;1103;2015;14;8;viernes;dia_habil
15/08/2015;361;2015;15;8;sabado;dia_habil
16/08/2015;4;2015;16;8;domingo;dia_habil
17/08/2015;0;2015;17;8;lunes;festivo
18/08/2015;724;2015;18;8;martes;dia_habil
19/08/2015;1061;2015;19;8;miercoles;dia_habil
20/08/2015;1097;2015;20;8;jueves;dia_habil
21/08/2015;1209;2015;21;8;viernes;dia_habil
22/08/2015;394;2015;22;8;sabado;dia_habil
23/08/2015;1;2015;23;8;domingo;dia_habil
24/08/2015;745;2015;24;8;lunes;dia_habil
25/08/2015;1207;2015;25;8;martes;dia_habil
26/08/2015;1277;2015;26;8;miercoles;dia_habil
27/08/2015;1298;2015;27;8;jueves;dia_habil
28/08/2015;1586;2015;28;8;viernes;dia_habil
29/08/2015;541;2015;29;8;sabado;dia_habil
30/08/2015;20;2015;30;8;domingo;dia_habil
31/08/2015;1686;2015;31;8;lunes;dia_habil
1/09/2015;744;2015;1;9;martes;dia_habil
2/09/2015;896;2015;2;9;miercoles;dia_habil
3/09/2015;953;2015;3;9;jueves;dia_habil
4/09/2015;1198;2015;4;9;viernes;dia_habil
5/09/2015;298;2015;5;9;sabado;dia_habil
6/09/2015;1;2015;6;9;domingo;dia_habil
7/09/2015;898;2015;7;9;lunes;dia_habil
8/09/2015;1095;2015;8;9;martes;dia_habil
9/09/2015;1230;2015;9;9;miercoles;dia_habil
10/09/2015;1214;2015;10;9;jueves;dia_habil
11/09/2015;1141;2015;11;9;viernes;dia_habil
12/09/2015;371;2015;12;9;sabado;dia_habil
13/09/2015;0;2015;13;9;domingo;dia_habil
14/09/2015;832;2015;14;9;lunes;dia_habil
15/09/2015;1053;2015;15;9;martes;dia_habil
16/09/2015;1057;2015;16;9;miercoles;dia_habil
17/09/2015;1115;2015;17;9;jueves;dia_habil
18/09/2015;1034;2015;18;9;viernes;dia_habil
19/09/2015;244;2015;19;9;sabado;dia_habil
20/09/2015;2;2015;20;9;domingo;dia_habil
21/09/2015;519;2015;21;9;lunes;dia_habil
22/09/2015;1054;2015;22;9;martes;dia_habil
23/09/2015;1199;2015;23;9;miercoles;dia_habil
24/09/2015;1110;2015;24;9;jueves;dia_habil
25/09/2015;985;2015;25;9;viernes;dia_habil
26/09/2015;347;2015;26;9;sabado;dia_habil
27/09/2015;0;2015;27;9;domingo;dia_habil
28/09/2015;939;2015;28;9;lunes;dia_habil
29/09/2015;1365;2015;29;9;martes;dia_habil
30/09/2015;2121;2015;30;9;miercoles;dia_habil
1/10/2015;774;2015;1;10;jueves;dia_habil
2/10/2015;819;2015;2;10;viernes;dia_habil
3/10/2015;242;2015;3;10;sabado;dia_habil
4/10/2015;0;2015;4;10;domingo;dia_habil
5/10/2015;617;2015;5;10;lunes;dia_habil
6/10/2015;1012;2015;6;10;martes;dia_habil
7/10/2015;993;2015;7;10;miercoles;dia_habil
8/10/2015;992;2015;8;10;jueves;dia_habil
9/10/2015;973;2015;9;10;viernes;dia_habil
10/10/2015;326;2015;10;10;sabado;dia_habil
11/10/2015;5;2015;11;10;domingo;dia_habil
12/10/2015;0;2015;12;10;lunes;festivo
13/10/2015;773;2015;13;10;martes;dia_habil
14/10/2015;982;2015;14;10;miercoles;dia_habil
15/10/2015;1051;2015;15;10;jueves;dia_habil
16/10/2015;1069;2015;16;10;viernes;dia_habil
17/10/2015;270;2015;17;10;sabado;dia_habil
18/10/2015;0;2015;18;10;domingo;dia_habil
19/10/2015;630;2015;19;10;lunes;dia_habil
20/10/2015;909;2015;20;10;martes;dia_habil
21/10/2015;987;2015;21;10;miercoles;dia_habil
22/10/2015;979;2015;22;10;jueves;dia_habil
23/10/2015;920;2015;23;10;viernes;dia_habil
24/10/2015;428;2015;24;10;sabado;dia_habil
25/10/2015;25;2015;25;10;domingo;dia_habil
26/10/2015;741;2015;26;10;lunes;dia_habil
27/10/2015;1075;2015;27;10;martes;dia_habil
28/10/2015;1210;2015;28;10;miercoles;dia_habil
29/10/2015;1395;2015;29;10;jueves;dia_habil
30/10/2015;1615;2015;30;10;viernes;dia_habil
31/10/2015;757;2015;31;10;sabado;brujas
1/11/2015;18;2015;1;11;domingo;dia_habil
2/11/2015;0;2015;2;11;lunes;festivo
3/11/2015;517;2015;3;11;martes;dia_habil
4/11/2015;792;2015;4;11;miercoles;dia_habil
5/11/2015;904;2015;5;11;jueves;dia_habil
6/11/2015;986;2015;6;11;viernes;dia_habil
7/11/2015;370;2015;7;11;sabado;dia_habil
8/11/2015;0;2015;8;11;domingo;dia_habil
9/11/2015;773;2015;9;11;lunes;dia_habil
10/11/2015;1019;2015;10;11;martes;dia_habil
11/11/2015;1051;2015;11;11;miercoles;dia_habil
12/11/2015;1099;2015;12;11;jueves;dia_habil
13/11/2015;1061;2015;13;11;viernes;dia_habil
14/11/2015;240;2015;14;11;sabado;dia_habil
15/11/2015;1;2015;15;11;domingo;dia_habil
16/11/2015;0;2015;16;11;lunes;festivo
17/11/2015;651;2015;17;11;martes;dia_habil
18/11/2015;940;2015;18;11;miercoles;dia_habil
19/11/2015;1138;2015;19;11;jueves;dia_habil
20/11/2015;1100;2015;20;11;viernes;dia_habil
21/11/2015;295;2015;21;11;sabado;dia_habil
22/11/2015;0;2015;22;11;domingo;dia_habil
23/11/2015;766;2015;23;11;lunes;dia_habil
24/11/2015;1048;2015;24;11;martes;dia_habil
25/11/2015;1243;2015;25;11;miercoles;dia_habil
26/11/2015;1281;2015;26;11;jueves;dia_habil
27/11/2015;1344;2015;27;11;viernes;dia_habil
28/11/2015;617;2015;28;11;sabado;dia_habil
29/11/2015;0;2015;29;11;domingo;dia_habil
30/11/2015;1848;2015;30;11;lunes;dia_habil
1/12/2015;669;2015;1;12;martes;dia_habil
2/12/2015;949;2015;2;12;miercoles;dia_habil
3/12/2015;1053;2015;3;12;jueves;dia_habil
4/12/2015;1281;2015;4;12;viernes;dia_habil
5/12/2015;350;2015;5;12;sabado;dia_habil
6/12/2015;0;2015;6;12;domingo;dia_habil
7/12/2015;807;2015;7;12;lunes;dia_habil
8/12/2015;5;2015;8;12;martes;festivo
9/12/2015;1032;2015;9;12;miercoles;dia_habil
10/12/2015;1249;2015;10;12;jueves;dia_habil
11/12/2015;1387;2015;11;12;viernes;dia_habil
12/12/2015;364;2015;12;12;sabado;dia_habil
13/12/2015;0;2015;13;12;domingo;dia_habil
14/12/2015;1084;2015;14;12;lunes;dia_habil
15/12/2015;1303;2015;15;12;martes;dia_habil
16/12/2015;1443;2015;16;12;miercoles;dia_habil
17/12/2015;1429;2015;17;12;jueves;dia_habil
18/12/2015;1681;2015;18;12;viernes;dia_habil
19/12/2015;544;2015;19;12;sabado;dia_habil
20/12/2015;5;2015;20;12;domingo;dia_habil
21/12/2015;1198;2015;21;12;lunes;dia_habil
22/12/2015;1789;2015;22;12;martes;dia_habil
23/12/2015;1902;2015;23;12;miercoles;dia_habil
24/12/2015;1164;2015;24;12;jueves;dia_habil
25/12/2015;0;2015;25;12;viernes;navidad
26/12/2015;297;2015;26;12;sabado;dia_habil
27/12/2015;3;2015;27;12;domingo;dia_habil
28/12/2015;1288;2015;28;12;lunes;dia_habil
29/12/2015;2194;2015;29;12;martes;dia_habil
30/12/2015;2775;2015;30;12;miercoles;dia_habil
31/12/2015;474;2015;31;12;jueves;a_viejo
1/01/2016;0;2016;1;1;viernes;a_nuevo
2/01/2016;3;2016;2;1;sabado;dia_habil
3/01/2016;0;2016;3;1;domingo;dia_habil
4/01/2016;100;2016;4;1;lunes;dia_habil
5/01/2016;258;2016;5;1;martes;dia_habil
6/01/2016;419;2016;6;1;miercoles;dia_habil
7/01/2016;452;2016;7;1;jueves;dia_habil
8/01/2016;782;2016;8;1;viernes;dia_habil
9/01/2016;197;2016;9;1;sabado;dia_habil
10/01/2016;2;2016;10;1;domingo;dia_habil
11/01/2016;0;2016;11;1;lunes;festivo
12/01/2016;565;2016;12;1;martes;dia_habil
13/01/2016;1022;2016;13;1;miercoles;dia_habil
14/01/2016;992;2016;14;1;jueves;dia_habil
15/01/2016;974;2016;15;1;viernes;dia_habil
16/01/2016;291;2016;16;1;sabado;dia_habil
17/01/2016;0;2016;17;1;domingo;dia_habil
18/01/2016;667;2016;18;1;lunes;dia_habil
19/01/2016;905;2016;19;1;martes;dia_habil
20/01/2016;904;2016;20;1;miercoles;dia_habil
21/01/2016;996;2016;21;1;jueves;dia_habil
22/01/2016;923;2016;22;1;viernes;dia_habil
23/01/2016;293;2016;23;1;sabado;dia_habil
24/01/2016;0;2016;24;1;domingo;dia_habil
25/01/2016;613;2016;25;1;lunes;dia_habil
26/01/2016;901;2016;26;1;martes;dia_habil
27/01/2016;1005;2016;27;1;miercoles;dia_habil
28/01/2016;1231;2016;28;1;jueves;dia_habil
29/01/2016;1488;2016;29;1;viernes;dia_habil
30/01/2016;846;2016;30;1;sabado;dia_habil
31/01/2016;0;2016;31;1;domingo;dia_habil
1/02/2016;451;2016;1;2;lunes;dia_habil
2/02/2016;694;2016;2;2;martes;dia_habil
3/02/2016;747;2016;3;2;miercoles;dia_habil
4/02/2016;931;2016;4;2;jueves;dia_habil
5/02/2016;918;2016;5;2;viernes;dia_habil
6/02/2016;226;2016;6;2;sabado;dia_habil
7/02/2016;16;2016;7;2;domingo;dia_habil
8/02/2016;653;2016;8;2;lunes;festivo
9/02/2016;747;2016;9;2;martes;dia_habil
10/02/2016;895;2016;10;2;miercoles;dia_habil
11/02/2016;924;2016;11;2;jueves;dia_habil
12/02/2016;1003;2016;12;2;viernes;dia_habil
13/02/2016;305;2016;13;2;sabado;dia_habil
14/02/2016;0;2016;14;2;domingo;dia_habil
15/02/2016;783;2016;15;2;lunes;dia_habil
16/02/2016;773;2016;16;2;martes;dia_habil
17/02/2016;1014;2016;17;2;miercoles;dia_habil
18/02/2016;941;2016;18;2;jueves;dia_habil
19/02/2016;971;2016;19;2;viernes;dia_habil
20/02/2016;225;2016;20;2;sabado;dia_habil
21/02/2016;1;2016;21;2;domingo;dia_habil
22/02/2016;738;2016;22;2;lunes;dia_habil
23/02/2016;947;2016;23;2;martes;dia_habil
24/02/2016;1094;2016;24;2;miercoles;dia_habil
25/02/2016;1104;2016;25;2;jueves;dia_habil
26/02/2016;1390;2016;26;2;viernes;dia_habil
27/02/2016;344;2016;27;2;sabado;dia_habil
28/02/2016;0;2016;28;2;domingo;dia_habil
29/02/2016;1545;2016;29;2;lunes;dia_habil
1/03/2016;644;2016;1;3;martes;dia_habil
2/03/2016;841;2016;2;3;miercoles;dia_habil
3/03/2016;845;2016;3;3;jueves;dia_habil
4/03/2016;956;2016;4;3;viernes;dia_habil
5/03/2016;211;2016;5;3;sabado;dia_habil
6/03/2016;1;2016;6;3;domingo;dia_habil
7/03/2016;809;2016;7;3;lunes;dia_habil
8/03/2016;902;2016;8;3;martes;dia_habil
9/03/2016;905;2016;9;3;miercoles;dia_habil
10/03/2016;984;2016;10;3;jueves;dia_habil
11/03/2016;952;2016;11;3;viernes;dia_habil
12/03/2016;248;2016;12;3;sabado;dia_habil
13/03/2016;0;2016;13;3;domingo;dia_habil
14/03/2016;707;2016;14;3;lunes;dia_habil
15/03/2016;965;2016;15;3;martes;dia_habil
16/03/2016;1132;2016;16;3;miercoles;dia_habil
17/03/2016;1125;2016;17;3;jueves;dia_habil
18/03/2016;1234;2016;18;3;viernes;dia_habil
19/03/2016;364;2016;19;3;sabado;dia_habil
20/03/2016;1;2016;20;3;domingo;sem_santa
21/03/2016;0;2016;21;3;lunes;sem_santa
22/03/2016;667;2016;22;3;martes;sem_santa
23/03/2016;703;2016;23;3;miercoles;sem_santa
24/03/2016;0;2016;24;3;jueves;sem_santa
25/03/2016;0;2016;25;3;viernes;sem_santa
26/03/2016;0;2016;26;3;sabado;sem_santa
27/03/2016;0;2016;27;3;domingo;dia_habil
28/03/2016;596;2016;28;3;lunes;dia_habil
29/03/2016;928;2016;29;3;martes;dia_habil
30/03/2016;1268;2016;30;3;miercoles;dia_habil
31/03/2016;1861;2016;31;3;jueves;dia_habil
1/04/2016;637;2016;1;4;viernes;dia_habil
2/04/2016;152;2016;2;4;sabado;dia_habil
3/04/2016;8;2016;3;4;domingo;dia_habil
4/04/2016;512;2016;4;4;lunes;dia_habil
5/04/2016;617;2016;5;4;martes;dia_habil
6/04/2016;896;2016;6;4;miercoles;dia_habil
7/04/2016;938;2016;7;4;jueves;dia_habil
8/04/2016;888;2016;8;4;viernes;dia_habil
9/04/2016;173;2016;9;4;sabado;dia_habil
10/04/2016;0;2016;10;4;domingo;dia_habil
11/04/2016;613;2016;11;4;lunes;dia_habil
12/04/2016;755;2016;12;4;martes;dia_habil
13/04/2016;904;2016;13;4;miercoles;dia_habil
14/04/2016;899;2016;14;4;jueves;dia_habil
15/04/2016;875;2016;15;4;viernes;dia_habil
16/04/2016;199;2016;16;4;sabado;dia_habil
17/04/2016;0;2016;17;4;domingo;dia_habil
18/04/2016;674;2016;18;4;lunes;dia_habil
19/04/2016;768;2016;19;4;martes;dia_habil
20/04/2016;939;2016;20;4;miercoles;dia_habil
21/04/2016;1025;2016;21;4;jueves;dia_habil
22/04/2016;898;2016;22;4;viernes;dia_habil
23/04/2016;247;2016;23;4;sabado;dia_habil
24/04/2016;0;2016;24;4;domingo;dia_habil
25/04/2016;703;2016;25;4;lunes;dia_habil
26/04/2016;1006;2016;26;4;martes;dia_habil
27/04/2016;1235;2016;27;4;miercoles;dia_habil
28/04/2016;1252;2016;28;4;jueves;dia_habil
29/04/2016;1703;2016;29;4;viernes;dia_habil
30/04/2016;899;2016;30;4;sabado;dia_habil
1/05/2016;0;2016;1;5;domingo;festivo
2/05/2016;374;2016;2;5;lunes;dia_habil
3/05/2016;620;2016;3;5;martes;dia_habil
4/05/2016;840;2016;4;5;miercoles;dia_habil
5/05/2016;1001;2016;5;5;jueves;dia_habil
6/05/2016;975;2016;6;5;viernes;dia_habil
7/05/2016;255;2016;7;5;sabado;dia_habil
8/05/2016;0;2016;8;5;domingo;madres
9/05/2016;0;2016;9;5;lunes;festivo
10/05/2016;707;2016;10;5;martes;dia_habil
11/05/2016;910;2016;11;5;miercoles;dia_habil
12/05/2016;987;2016;12;5;jueves;dia_habil
13/05/2016;925;2016;13;5;viernes;dia_habil
14/05/2016;220;2016;14;5;sabado;dia_habil
15/05/2016;0;2016;15;5;domingo;dia_habil
16/05/2016;687;2016;16;5;lunes;dia_habil
17/05/2016;796;2016;17;5;martes;dia_habil
18/05/2016;905;2016;18;5;miercoles;dia_habil
19/05/2016;925;2016;19;5;jueves;dia_habil
20/05/2016;918;2016;20;5;viernes;dia_habil
21/05/2016;257;2016;21;5;sabado;dia_habil
22/05/2016;0;2016;22;5;domingo;dia_habil
23/05/2016;659;2016;23;5;lunes;dia_habil
24/05/2016;941;2016;24;5;martes;dia_habil
25/05/2016;1107;2016;25;5;miercoles;dia_habil
26/05/2016;1225;2016;26;5;jueves;dia_habil
27/05/2016;1375;2016;27;5;viernes;dia_habil
28/05/2016;358;2016;28;5;sabado;dia_habil
29/05/2016;0;2016;29;5;domingo;dia_habil
30/05/2016;0;2016;30;5;lunes;festivo
31/05/2016;1613;2016;31;5;martes;dia_habil
1/06/2016;439;2016;1;6;miercoles;dia_habil
2/06/2016;757;2016;2;6;jueves;dia_habil
3/06/2016;904;2016;3;6;viernes;dia_habil
4/06/2016;244;2016;4;6;sabado;dia_habil
5/06/2016;13;2016;5;6;domingo;dia_habil
6/06/2016;0;2016;6;6;lunes;festivo
7/06/2016;648;2016;7;6;martes;dia_habil
8/06/2016;836;2016;8;6;miercoles;dia_habil
9/06/2016;863;2016;9;6;jueves;dia_habil
10/06/2016;1073;2016;10;6;viernes;dia_habil
11/06/2016;207;2016;11;6;sabado;dia_habil
12/06/2016;0;2016;12;6;domingo;dia_habil
13/06/2016;726;2016;13;6;lunes;dia_habil
14/06/2016;848;2016;14;6;martes;dia_habil
15/06/2016;926;2016;15;6;miercoles;dia_habil
16/06/2016;884;2016;16;6;jueves;dia_habil
17/06/2016;890;2016;17;6;viernes;dia_habil
18/06/2016;195;2016;18;6;sabado;dia_habil
19/06/2016;0;2016;19;6;domingo;dia_habil
20/06/2016;653;2016;20;6;lunes;dia_habil
21/06/2016;831;2016;21;6;martes;dia_habil
22/06/2016;966;2016;22;6;miercoles;dia_habil
23/06/2016;942;2016;23;6;jueves;dia_habil
24/06/2016;970;2016;24;6;viernes;dia_habil
25/06/2016;269;2016;25;6;sabado;dia_habil
26/06/2016;0;2016;26;6;domingo;dia_habil
27/06/2016;906;2016;27;6;lunes;dia_habil
28/06/2016;1046;2016;28;6;martes;dia_habil
29/06/2016;1464;2016;29;6;miercoles;dia_habil
30/06/2016;2242;2016;30;6;jueves;dia_habil
1/07/2016;496;2016;1;7;viernes;dia_habil
2/07/2016;81;2016;2;7;sabado;dia_habil
3/07/2016;0;2016;3;7;domingo;dia_habil
4/07/2016;0;2016;4;7;lunes;festivo
5/07/2016;517;2016;5;7;martes;dia_habil
6/07/2016;762;2016;6;7;miercoles;dia_habil
7/07/2016;678;2016;7;7;jueves;dia_habil
8/07/2016;939;2016;8;7;viernes;dia_habil
9/07/2016;219;2016;9;7;sabado;dia_habil
10/07/2016;0;2016;10;7;domingo;dia_habil
11/07/2016;643;2016;11;7;lunes;dia_habil
12/07/2016;796;2016;12;7;martes;dia_habil
13/07/2016;760;2016;13;7;miercoles;dia_habil
14/07/2016;724;2016;14;7;jueves;dia_habil
15/07/2016;867;2016;15;7;viernes;dia_habil
16/07/2016;222;2016;16;7;sabado;dia_habil
17/07/2016;0;2016;17;7;domingo;dia_habil
18/07/2016;584;2016;18;7;lunes;dia_habil
19/07/2016;777;2016;19;7;martes;dia_habil
20/07/2016;0;2016;20;7;miercoles;festivo
21/07/2016;816;2016;21;7;jueves;dia_habil
22/07/2016;893;2016;22;7;viernes;dia_habil
23/07/2016;226;2016;23;7;sabado;dia_habil
24/07/2016;0;2016;24;7;domingo;dia_habil
25/07/2016;697;2016;25;7;lunes;dia_habil
26/07/2016;971;2016;26;7;martes;dia_habil
27/07/2016;1106;2016;27;7;miercoles;dia_habil
28/07/2016;1312;2016;28;7;jueves;dia_habil
29/07/2016;1606;2016;29;7;viernes;dia_habil
30/07/2016;959;2016;30;7;sabado;dia_habil
31/07/2016;1;2016;31;7;domingo;dia_habil
1/08/2016;404;2016;1;8;lunes;dia_habil
2/08/2016;746;2016;2;8;martes;dia_habil
3/08/2016;838;2016;3;8;miercoles;dia_habil
4/08/2016;986;2016;4;8;jueves;dia_habil
5/08/2016;898;2016;5;8;viernes;dia_habil
6/08/2016;175;2016;6;8;sabado;dia_habil
7/08/2016;0;2016;7;8;domingo;festivo
8/08/2016;798;2016;8;8;lunes;dia_habil
9/08/2016;954;2016;9;8;martes;dia_habil
10/08/2016;844;2016;10;8;miercoles;dia_habil
11/08/2016;1133;2016;11;8;jueves;dia_habil
12/08/2016;968;2016;12;8;viernes;dia_habil
13/08/2016;228;2016;13;8;sabado;dia_habil
14/08/2016;0;2016;14;8;domingo;dia_habil
15/08/2016;0;2016;15;8;lunes;festivo
16/08/2016;692;2016;16;8;martes;dia_habil
17/08/2016;881;2016;17;8;miercoles;dia_habil
18/08/2016;972;2016;18;8;jueves;dia_habil
19/08/2016;1017;2016;19;8;viernes;dia_habil
20/08/2016;268;2016;20;8;sabado;dia_habil
21/08/2016;0;2016;21;8;domingo;dia_habil
22/08/2016;728;2016;22;8;lunes;dia_habil
23/08/2016;992;2016;23;8;martes;dia_habil
24/08/2016;1044;2016;24;8;miercoles;dia_habil
25/08/2016;1106;2016;25;8;jueves;dia_habil
26/08/2016;1111;2016;26;8;viernes;dia_habil
27/08/2016;356;2016;27;8;sabado;dia_habil
28/08/2016;0;2016;28;8;domingo;dia_habil
29/08/2016;973;2016;29;8;lunes;dia_habil
30/08/2016;1500;2016;30;8;martes;dia_habil
31/08/2016;1941;2016;31;8;miercoles;dia_habil
1/09/2016;677;2016;1;9;jueves;dia_habil
2/09/2016;770;2016;2;9;viernes;dia_habil
3/09/2016;180;2016;3;9;sabado;dia_habil
4/09/2016;0;2016;4;9;domingo;dia_habil
5/09/2016;611;2016;5;9;lunes;dia_habil
6/09/2016;862;2016;6;9;martes;dia_habil
7/09/2016;999;2016;7;9;miercoles;dia_habil
8/09/2016;951;2016;8;9;jueves;dia_habil
9/09/2016;974;2016;9;9;viernes;dia_habil
10/09/2016;239;2016;10;9;sabado;dia_habil
11/09/2016;0;2016;11;9;domingo;dia_habil
12/09/2016;557;2016;12;9;lunes;dia_habil
13/09/2016;932;2016;13;9;martes;dia_habil
14/09/2016;914;2016;14;9;miercoles;dia_habil
15/09/2016;891;2016;15;9;jueves;dia_habil
16/09/2016;808;2016;16;9;viernes;dia_habil
17/09/2016;195;2016;17;9;sabado;dia_habil
18/09/2016;0;2016;18;9;domingo;dia_habil
19/09/2016;695;2016;19;9;lunes;dia_habil
20/09/2016;864;2016;20;9;martes;dia_habil
21/09/2016;934;2016;21;9;miercoles;dia_habil
22/09/2016;885;2016;22;9;jueves;dia_habil
23/09/2016;1031;2016;23;9;viernes;dia_habil
24/09/2016;130;2016;24;9;sabado;dia_habil
25/09/2016;0;2016;25;9;domingo;dia_habil
26/09/2016;685;2016;26;9;lunes;dia_habil
27/09/2016;1050;2016;27;9;martes;dia_habil
28/09/2016;1193;2016;28;9;miercoles;dia_habil
29/09/2016;1457;2016;29;9;jueves;dia_habil
30/09/2016;2013;2016;30;9;viernes;dia_habil
1/10/2016;130;2016;1;10;sabado;dia_habil
2/10/2016;0;2016;2;10;domingo;dia_habil
3/10/2016;423;2016;3;10;lunes;dia_habil
4/10/2016;667;2016;4;10;martes;dia_habil
5/10/2016;846;2016;5;10;miercoles;dia_habil
6/10/2016;823;2016;6;10;jueves;dia_habil
7/10/2016;865;2016;7;10;viernes;dia_habil
8/10/2016;195;2016;8;10;sabado;dia_habil
9/10/2016;0;2016;9;10;domingo;dia_habil
10/10/2016;653;2016;10;10;lunes;dia_habil
11/10/2016;832;2016;11;10;martes;dia_habil
12/10/2016;839;2016;12;10;miercoles;dia_habil
13/10/2016;860;2016;13;10;jueves;dia_habil
14/10/2016;931;2016;14;10;viernes;dia_habil
15/10/2016;213;2016;15;10;sabado;dia_habil
16/10/2016;0;2016;16;10;domingo;dia_habil
17/10/2016;0;2016;17;10;lunes;festivo
18/10/2016;641;2016;18;10;martes;dia_habil
19/10/2016;781;2016;19;10;miercoles;dia_habil
20/10/2016;909;2016;20;10;jueves;dia_habil
21/10/2016;983;2016;21;10;viernes;dia_habil
22/10/2016;203;2016;22;10;sabado;dia_habil
23/10/2016;0;2016;23;10;domingo;dia_habil
24/10/2016;704;2016;24;10;lunes;dia_habil
25/10/2016;916;2016;25;10;martes;dia_habil
26/10/2016;1037;2016;26;10;miercoles;dia_habil
27/10/2016;1092;2016;27;10;jueves;dia_habil
28/10/2016;1304;2016;28;10;viernes;dia_habil
29/10/2016;540;2016;29;10;sabado;dia_habil
30/10/2016;3;2016;30;10;domingo;dia_habil
31/10/2016;1899;2016;31;10;lunes;brujas
1/11/2016;521;2016;1;11;martes;dia_habil
2/11/2016;701;2016;2;11;miercoles;dia_habil
3/11/2016;815;2016;3;11;jueves;dia_habil
4/11/2016;901;2016;4;11;viernes;dia_habil
5/11/2016;243;2016;5;11;sabado;dia_habil
6/11/2016;0;2016;6;11;domingo;dia_habil
7/11/2016;0;2016;7;11;lunes;festivo
8/11/2016;720;2016;8;11;martes;dia_habil
9/11/2016;835;2016;9;11;miercoles;dia_habil
10/11/2016;953;2016;10;11;jueves;dia_habil
11/11/2016;967;2016;11;11;viernes;dia_habil
12/11/2016;220;2016;12;11;sabado;dia_habil
13/11/2016;19;2016;13;11;domingo;dia_habil
14/11/2016;0;2016;14;11;lunes;festivo
15/11/2016;679;2016;15;11;martes;dia_habil
16/11/2016;902;2016;16;11;miercoles;dia_habil
17/11/2016;1014;2016;17;11;jueves;dia_habil
18/11/2016;1015;2016;18;11;viernes;dia_habil
19/11/2016;265;2016;19;11;sabado;dia_habil
20/11/2016;0;2016;20;11;domingo;dia_habil
21/11/2016;761;2016;21;11;lunes;dia_habil
22/11/2016;1048;2016;22;11;martes;dia_habil
23/11/2016;1185;2016;23;11;miercoles;dia_habil
24/11/2016;1141;2016;24;11;jueves;dia_habil
25/11/2016;1242;2016;25;11;viernes;dia_habil
26/11/2016;457;2016;26;11;sabado;dia_habil
27/11/2016;0;2016;27;11;domingo;dia_habil
28/11/2016;1052;2016;28;11;lunes;dia_habil
29/11/2016;1740;2016;29;11;martes;dia_habil
30/11/2016;3109;2016;30;11;miercoles;dia_habil
1/12/2016;812;2016;1;12;jueves;dia_habil
2/12/2016;986;2016;2;12;viernes;dia_habil
3/12/2016;295;2016;3;12;sabado;dia_habil
4/12/2016;2;2016;4;12;domingo;dia_habil
5/12/2016;917;2016;5;12;lunes;dia_habil
6/12/2016;1261;2016;6;12;martes;dia_habil
7/12/2016;1361;2016;7;12;miercoles;dia_habil
8/12/2016;5;2016;8;12;jueves;festivo
9/12/2016;1340;2016;9;12;viernes;dia_habil
10/12/2016;441;2016;10;12;sabado;dia_habil
11/12/2016;0;2016;11;12;domingo;dia_habil
12/12/2016;1107;2016;12;12;lunes;dia_habil
13/12/2016;1600;2016;13;12;martes;dia_habil
14/12/2016;1653;2016;14;12;miercoles;dia_habil
15/12/2016;1626;2016;15;12;jueves;dia_habil
16/12/2016;1599;2016;16;12;viernes;dia_habil
17/12/2016;378;2016;17;12;sabado;dia_habil
18/12/2016;0;2016;18;12;domingo;dia_habil
19/12/2016;1240;2016;19;12;lunes;dia_habil
20/12/2016;1567;2016;20;12;martes;dia_habil
21/12/2016;1588;2016;21;12;miercoles;dia_habil
22/12/2016;1644;2016;22;12;jueves;dia_habil
23/12/2016;1667;2016;23;12;viernes;dia_habil
24/12/2016;334;2016;24;12;sabado;dia_habil
25/12/2016;0;2016;25;12;domingo;navidad
26/12/2016;1234;2016;26;12;lunes;dia_habil
27/12/2016;1922;2016;27;12;martes;dia_habil
28/12/2016;2409;2016;28;12;miercoles;dia_habil
29/12/2016;3603;2016;29;12;jueves;dia_habil
30/12/2016;965;2016;30;12;viernes;dia_habil
31/12/2016;46;2016;31;12;sabado;a_viejo
1/01/2017;0;2017;1;1;domingo;a_nuevo
2/01/2017;45;2017;2;1;lunes;dia_habil
3/01/2017;116;2017;3;1;martes;dia_habil
4/01/2017;232;2017;4;1;miercoles;dia_habil
5/01/2017;455;2017;5;1;jueves;dia_habil
6/01/2017;776;2017;6;1;viernes;dia_habil
7/01/2017;192;2017;7;1;sabado;dia_habil
8/01/2017;0;2017;8;1;domingo;dia_habil
9/01/2017;0;2017;9;1;lunes;festivo
10/01/2017;609;2017;10;1;martes;dia_habil
11/01/2017;727;2017;11;1;miercoles;dia_habil
12/01/2017;955;2017;12;1;jueves;dia_habil
13/01/2017;1110;2017;13;1;viernes;dia_habil
14/01/2017;237;2017;14;1;sabado;dia_habil
15/01/2017;0;2017;15;1;domingo;dia_habil
16/01/2017;853;2017;16;1;lunes;dia_habil
17/01/2017;927;2017;17;1;martes;dia_habil
18/01/2017;868;2017;18;1;miercoles;dia_habil
19/01/2017;937;2017;19;1;jueves;dia_habil
20/01/2017;850;2017;20;1;viernes;dia_habil
21/01/2017;208;2017;21;1;sabado;dia_habil
22/01/2017;0;2017;22;1;domingo;dia_habil
23/01/2017;666;2017;23;1;lunes;dia_habil
24/01/2017;842;2017;24;1;martes;dia_habil
25/01/2017;798;2017;25;1;miercoles;dia_habil
26/01/2017;950;2017;26;1;jueves;dia_habil
27/01/2017;923;2017;27;1;viernes;dia_habil
28/01/2017;244;2017;28;1;sabado;dia_habil
29/01/2017;0;2017;29;1;domingo;dia_habil
30/01/2017;941;2017;30;1;lunes;dia_habil
31/01/2017;1846;2017;31;1;martes;dia_habil
1/02/2017;583;2017;1;2;miercoles;dia_habil
2/02/2017;723;2017;2;2;jueves;dia_habil
3/02/2017;742;2017;3;2;viernes;dia_habil
4/02/2017;211;2017;4;2;sabado;dia_habil
5/02/2017;0;2017;5;2;domingo;dia_habil
6/02/2017;590;2017;6;2;lunes;dia_habil
7/02/2017;781;2017;7;2;martes;dia_habil
8/02/2017;833;2017;8;2;miercoles;dia_habil
9/02/2017;896;2017;9;2;jueves;dia_habil
10/02/2017;849;2017;10;2;viernes;dia_habil
11/02/2017;206;2017;11;2;sabado;dia_habil
12/02/2017;3;2017;12;2;domingo;dia_habil
13/02/2017;735;2017;13;2;lunes;dia_habil
14/02/2017;810;2017;14;2;martes;dia_habil
15/02/2017;820;2017;15;2;miercoles;dia_habil
16/02/2017;808;2017;16;2;jueves;dia_habil
17/02/2017;767;2017;17;2;viernes;dia_habil
18/02/2017;200;2017;18;2;sabado;dia_habil
19/02/2017;0;2017;19;2;domingo;dia_habil
20/02/2017;633;2017;20;2;lunes;dia_habil
21/02/2017;845;2017;21;2;martes;dia_habil
22/02/2017;911;2017;22;2;miercoles;dia_habil
23/02/2017;818;2017;23;2;jueves;dia_habil
24/02/2017;1052;2017;24;2;viernes;dia_habil
25/02/2017;275;2017;25;2;sabado;dia_habil
26/02/2017;0;2017;26;2;domingo;dia_habil
27/02/2017;1014;2017;27;2;lunes;festivo
28/02/2017;1931;2017;28;2;martes;dia_habil
1/03/2017;485;2017;1;3;miercoles;dia_habil
2/03/2017;708;2017;2;3;jueves;dia_habil
3/03/2017;697;2017;3;3;viernes;dia_habil
4/03/2017;164;2017;4;3;sabado;dia_habil
5/03/2017;0;2017;5;3;domingo;dia_habil
6/03/2017;680;2017;6;3;lunes;dia_habil
7/03/2017;826;2017;7;3;martes;dia_habil
8/03/2017;866;2017;8;3;miercoles;dia_habil
9/03/2017;884;2017;9;3;jueves;dia_habil
10/03/2017;888;2017;10;3;viernes;dia_habil
11/03/2017;259;2017;11;3;sabado;dia_habil
12/03/2017;1;2017;12;3;domingo;dia_habil
13/03/2017;714;2017;13;3;lunes;dia_habil
14/03/2017;893;2017;14;3;martes;dia_habil
15/03/2017;922;2017;15;3;miercoles;dia_habil
16/03/2017;981;2017;16;3;jueves;dia_habil
17/03/2017;851;2017;17;3;viernes;dia_habil
18/03/2017;143;2017;18;3;sabado;dia_habil
19/03/2017;0;2017;19;3;domingo;dia_habil
20/03/2017;0;2017;20;3;lunes;festivo
21/03/2017;616;2017;21;3;martes;dia_habil
22/03/2017;840;2017;22;3;miercoles;dia_habil
23/03/2017;908;2017;23;3;jueves;dia_habil
24/03/2017;1007;2017;24;3;viernes;dia_habil
25/03/2017;302;2017;25;3;sabado;dia_habil
26/03/2017;3;2017;26;3;domingo;dia_habil
27/03/2017;720;2017;27;3;lunes;dia_habil
28/03/2017;1065;2017;28;3;martes;dia_habil
29/03/2017;1210;2017;29;3;miercoles;dia_habil
30/03/2017;1475;2017;30;3;jueves;dia_habil
31/03/2017;2092;2017;31;3;viernes;dia_habil
1/04/2017;130;2017;1;4;sabado;dia_habil
2/04/2017;1;2017;2;4;domingo;dia_habil
3/04/2017;393;2017;3;4;lunes;dia_habil
4/04/2017;642;2017;4;4;martes;dia_habil
5/04/2017;808;2017;5;4;miercoles;dia_habil
6/04/2017;964;2017;6;4;jueves;dia_habil
7/04/2017;974;2017;7;4;viernes;dia_habil
8/04/2017;271;2017;8;4;sabado;dia_habil
9/04/2017;0;2017;9;4;domingo;sem_santa
10/04/2017;663;2017;10;4;lunes;sem_santa
11/04/2017;957;2017;11;4;martes;sem_santa
12/04/2017;646;2017;12;4;miercoles;sem_santa
13/04/2017;0;2017;13;4;jueves;sem_santa
14/04/2017;0;2017;14;4;viernes;sem_santa
15/04/2017;0;2017;15;4;sabado;sem_santa
16/04/2017;0;2017;16;4;domingo;dia_habil
17/04/2017;642;2017;17;4;lunes;dia_habil
18/04/2017;691;2017;18;4;martes;dia_habil
19/04/2017;803;2017;19;4;miercoles;dia_habil
20/04/2017;778;2017;20;4;jueves;dia_habil
21/04/2017;891;2017;21;4;viernes;dia_habil
22/04/2017;204;2017;22;4;sabado;dia_habil
23/04/2017;0;2017;23;4;domingo;dia_habil
24/04/2017;672;2017;24;4;lunes;dia_habil
25/04/2017;1015;2017;25;4;martes;dia_habil
26/04/2017;1100;2017;26;4;miercoles;dia_habil
27/04/2017;1265;2017;27;4;jueves;dia_habil
28/04/2017;1781;2017;28;4;viernes;dia_habil
29/04/2017;881;2017;29;4;sabado;dia_habil
30/04/2017;12;2017;30;4;domingo;dia_habil
1/05/2017;0;2017;1;5;lunes;festivo
2/05/2017;378;2017;2;5;martes;dia_habil
3/05/2017;596;2017;3;5;miercoles;dia_habil
4/05/2017;784;2017;4;5;jueves;dia_habil
5/05/2017;869;2017;5;5;viernes;dia_habil
6/05/2017;199;2017;6;5;sabado;dia_habil
7/05/2017;0;2017;7;5;domingo;dia_habil
8/05/2017;637;2017;8;5;lunes;dia_habil
9/05/2017;778;2017;9;5;martes;dia_habil
10/05/2017;931;2017;10;5;miercoles;dia_habil
11/05/2017;880;2017;11;5;jueves;dia_habil
12/05/2017;855;2017;12;5;viernes;dia_habil
13/05/2017;225;2017;13;5;sabado;dia_habil
14/05/2017;0;2017;14;5;domingo;madres
15/05/2017;629;2017;15;5;lunes;dia_habil
16/05/2017;770;2017;16;5;martes;dia_habil
17/05/2017;812;2017;17;5;miercoles;dia_habil
18/05/2017;904;2017;18;5;jueves;dia_habil
19/05/2017;878;2017;19;5;viernes;dia_habil
20/05/2017;281;2017;20;5;sabado;dia_habil
21/05/2017;0;2017;21;5;domingo;dia_habil
22/05/2017;632;2017;22;5;lunes;dia_habil
23/05/2017;912;2017;23;5;martes;dia_habil
24/05/2017;996;2017;24;5;miercoles;dia_habil
25/05/2017;1057;2017;25;5;jueves;dia_habil
26/05/2017;1105;2017;26;5;viernes;dia_habil
27/05/2017;431;2017;27;5;sabado;dia_habil
28/05/2017;0;2017;28;5;domingo;dia_habil
29/05/2017;0;2017;29;5;lunes;festivo
30/05/2017;1043;2017;30;5;martes;dia_habil
31/05/2017;2443;2017;31;5;miercoles;dia_habil
1/06/2017;566;2017;1;6;jueves;dia_habil
2/06/2017;633;2017;2;6;viernes;dia_habil
3/06/2017;145;2017;3;6;sabado;dia_habil
4/06/2017;0;2017;4;6;domingo;dia_habil
5/06/2017;581;2017;5;6;lunes;dia_habil
6/06/2017;731;2017;6;6;martes;dia_habil
7/06/2017;800;2017;7;6;miercoles;dia_habil
8/06/2017;843;2017;8;6;jueves;dia_habil
9/06/2017;839;2017;9;6;viernes;dia_habil
10/06/2017;219;2017;10;6;sabado;dia_habil
11/06/2017;0;2017;11;6;domingo;dia_habil
12/06/2017;610;2017;12;6;lunes;dia_habil
13/06/2017;790;2017;13;6;martes;dia_habil
14/06/2017;876;2017;14;6;miercoles;dia_habil
15/06/2017;791;2017;15;6;jueves;dia_habil
16/06/2017;850;2017;16;6;viernes;dia_habil
17/06/2017;251;2017;17;6;sabado;dia_habil
18/06/2017;4;2017;18;6;domingo;dia_habil
19/06/2017;0;2017;19;6;lunes;festivo
20/06/2017;719;2017;20;6;martes;dia_habil
21/06/2017;903;2017;21;6;miercoles;dia_habil
22/06/2017;1062;2017;22;6;jueves;dia_habil
23/06/2017;1025;2017;23;6;viernes;dia_habil
24/06/2017;259;2017;24;6;sabado;dia_habil
25/06/2017;0;2017;25;6;domingo;dia_habil
26/06/2017;0;2017;26;6;lunes;festivo
27/06/2017;776;2017;27;6;martes;dia_habil
28/06/2017;1231;2017;28;6;miercoles;dia_habil
29/06/2017;1502;2017;29;6;jueves;dia_habil
30/06/2017;2920;2017;30;6;viernes;dia_habil
1/07/2017;109;2017;1;7;sabado;dia_habil
2/07/2017;0;2017;2;7;domingo;dia_habil
3/07/2017;0;2017;3;7;lunes;festivo
4/07/2017;309;2017;4;7;martes;dia_habil
5/07/2017;651;2017;5;7;miercoles;dia_habil
6/07/2017;768;2017;6;7;jueves;dia_habil
7/07/2017;839;2017;7;7;viernes;dia_habil
8/07/2017;198;2017;8;7;sabado;dia_habil
9/07/2017;1;2017;9;7;domingo;dia_habil
10/07/2017;686;2017;10;7;lunes;dia_habil
11/07/2017;780;2017;11;7;martes;dia_habil
12/07/2017;851;2017;12;7;miercoles;dia_habil
13/07/2017;844;2017;13;7;jueves;dia_habil
14/07/2017;1003;2017;14;7;viernes;dia_habil
15/07/2017;218;2017;15;7;sabado;dia_habil
16/07/2017;1;2017;16;7;domingo;dia_habil
17/07/2017;704;2017;17;7;lunes;dia_habil
18/07/2017;862;2017;18;7;martes;dia_habil
19/07/2017;884;2017;19;7;miercoles;dia_habil
20/07/2017;2;2017;20;7;jueves;festivo
21/07/2017;823;2017;21;7;viernes;dia_habil
22/07/2017;221;2017;22;7;sabado;dia_habil
23/07/2017;0;2017;23;7;domingo;dia_habil
24/07/2017;695;2017;24;7;lunes;dia_habil
25/07/2017;988;2017;25;7;martes;dia_habil
26/07/2017;1154;2017;26;7;miercoles;dia_habil
27/07/2017;1251;2017;27;7;jueves;dia_habil
28/07/2017;1325;2017;28;7;viernes;dia_habil
29/07/2017;483;2017;29;7;sabado;dia_habil
30/07/2017;0;2017;30;7;domingo;dia_habil
31/07/2017;2061;2017;31;7;lunes;dia_habil
1/08/2017;620;2017;1;8;martes;dia_habil
2/08/2017;671;2017;2;8;miercoles;dia_habil
3/08/2017;824;2017;3;8;jueves;dia_habil
4/08/2017;892;2017;4;8;viernes;dia_habil
5/08/2017;189;2017;5;8;sabado;dia_habil
6/08/2017;0;2017;6;8;domingo;dia_habil
7/08/2017;0;2017;7;8;lunes;festivo
8/08/2017;621;2017;8;8;martes;dia_habil
9/08/2017;905;2017;9;8;miercoles;dia_habil
10/08/2017;965;2017;10;8;jueves;dia_habil
11/08/2017;884;2017;11;8;viernes;dia_habil
12/08/2017;247;2017;12;8;sabado;dia_habil
13/08/2017;0;2017;13;8;domingo;dia_habil
14/08/2017;668;2017;14;8;lunes;dia_habil
15/08/2017;933;2017;15;8;martes;dia_habil
16/08/2017;920;2017;16;8;miercoles;dia_habil
17/08/2017;993;2017;17;8;jueves;dia_habil
18/08/2017;930;2017;18;8;viernes;dia_habil
19/08/2017;224;2017;19;8;sabado;dia_habil
20/08/2017;1;2017;20;8;domingo;dia_habil
21/08/2017;0;2017;21;8;lunes;festivo
22/08/2017;621;2017;22;8;martes;dia_habil
23/08/2017;886;2017;23;8;miercoles;dia_habil
24/08/2017;923;2017;24;8;jueves;dia_habil
25/08/2017;1068;2017;25;8;viernes;dia_habil
26/08/2017;273;2017;26;8;sabado;dia_habil
27/08/2017;0;2017;27;8;domingo;dia_habil
28/08/2017;846;2017;28;8;lunes;dia_habil
29/08/2017;1141;2017;29;8;martes;dia_habil
30/08/2017;1570;2017;30;8;miercoles;dia_habil
31/08/2017;2214;2017;31;8;jueves;dia_habil
1/09/2017;581;2017;1;9;viernes;dia_habil
2/09/2017;152;2017;2;9;sabado;dia_habil
3/09/2017;0;2017;3;9;domingo;dia_habil
4/09/2017;523;2017;4;9;lunes;dia_habil
5/09/2017;707;2017;5;9;martes;dia_habil
6/09/2017;881;2017;6;9;miercoles;dia_habil
7/09/2017;525;2017;7;9;jueves;dia_habil
8/09/2017;832;2017;8;9;viernes;dia_habil
9/09/2017;193;2017;9;9;sabado;dia_habil
10/09/2017;1;2017;10;9;domingo;dia_habil
11/09/2017;653;2017;11;9;lunes;dia_habil
12/09/2017;763;2017;12;9;martes;dia_habil
13/09/2017;993;2017;13;9;miercoles;dia_habil
14/09/2017;845;2017;14;9;jueves;dia_habil
15/09/2017;821;2017;15;9;viernes;dia_habil
16/09/2017;160;2017;16;9;sabado;dia_habil
17/09/2017;0;2017;17;9;domingo;dia_habil
18/09/2017;631;2017;18;9;lunes;dia_habil
19/09/2017;761;2017;19;9;martes;dia_habil
20/09/2017;717;2017;20;9;miercoles;dia_habil
21/09/2017;850;2017;21;9;jueves;dia_habil
22/09/2017;815;2017;22;9;viernes;dia_habil
23/09/2017;184;2017;23;9;sabado;dia_habil
24/09/2017;2;2017;24;9;domingo;dia_habil
25/09/2017;817;2017;25;9;lunes;dia_habil
26/09/2017;965;2017;26;9;martes;dia_habil
27/09/2017;1194;2017;27;9;miercoles;dia_habil
28/09/2017;1363;2017;28;9;jueves;dia_habil
29/09/2017;1600;2017;29;9;viernes;dia_habil
30/09/2017;907;2017;30;9;sabado;dia_habil
1/10/2017;0;2017;1;10;domingo;dia_habil
2/10/2017;405;2017;2;10;lunes;dia_habil
3/10/2017;517;2017;3;10;martes;dia_habil
4/10/2017;735;2017;4;10;miercoles;dia_habil
5/10/2017;758;2017;5;10;jueves;dia_habil
6/10/2017;843;2017;6;10;viernes;dia_habil
7/10/2017;191;2017;7;10;sabado;dia_habil
8/10/2017;7;2017;8;10;domingo;dia_habil
9/10/2017;592;2017;9;10;lunes;dia_habil
10/10/2017;772;2017;10;10;martes;dia_habil
11/10/2017;908;2017;11;10;miercoles;dia_habil
12/10/2017;860;2017;12;10;jueves;dia_habil
13/10/2017;939;2017;13;10;viernes;dia_habil
14/10/2017;165;2017;14;10;sabado;dia_habil
15/10/2017;0;2017;15;10;domingo;dia_habil
16/10/2017;0;2017;16;10;lunes;festivo
17/10/2017;565;2017;17;10;martes;dia_habil
18/10/2017;792;2017;18;10;miercoles;dia_habil
19/10/2017;762;2017;19;10;jueves;dia_habil
20/10/2017;866;2017;20;10;viernes;dia_habil
21/10/2017;230;2017;21;10;sabado;dia_habil
22/10/2017;0;2017;22;10;domingo;dia_habil
23/10/2017;630;2017;23;10;lunes;dia_habil
24/10/2017;840;2017;24;10;martes;dia_habil
25/10/2017;953;2017;25;10;miercoles;dia_habil
26/10/2017;1045;2017;26;10;jueves;dia_habil
27/10/2017;1112;2017;27;10;viernes;dia_habil
28/10/2017;349;2017;28;10;sabado;dia_habil
29/10/2017;2;2017;29;10;domingo;dia_habil
30/10/2017;1248;2017;30;10;lunes;dia_habil
31/10/2017;2729;2017;31;10;martes;brujas
1/11/2017;541;2017;1;11;miercoles;dia_habil
2/11/2017;712;2017;2;11;jueves;dia_habil
3/11/2017;844;2017;3;11;viernes;dia_habil
4/11/2017;217;2017;4;11;sabado;dia_habil
5/11/2017;0;2017;5;11;domingo;dia_habil
6/11/2017;0;2017;6;11;lunes;festivo
7/11/2017;620;2017;7;11;martes;dia_habil
8/11/2017;849;2017;8;11;miercoles;dia_habil
9/11/2017;894;2017;9;11;jueves;dia_habil
10/11/2017;906;2017;10;11;viernes;dia_habil
11/11/2017;226;2017;11;11;sabado;dia_habil
12/11/2017;0;2017;12;11;domingo;dia_habil
13/11/2017;0;2017;13;11;lunes;festivo
14/11/2017;538;2017;14;11;martes;dia_habil
15/11/2017;785;2017;15;11;miercoles;dia_habil
16/11/2017;860;2017;16;11;jueves;dia_habil
17/11/2017;914;2017;17;11;viernes;dia_habil
18/11/2017;238;2017;18;11;sabado;dia_habil
19/11/2017;4;2017;19;11;domingo;dia_habil
20/11/2017;550;2017;20;11;lunes;dia_habil
21/11/2017;852;2017;21;11;martes;dia_habil
22/11/2017;932;2017;22;11;miercoles;dia_habil
23/11/2017;1172;2017;23;11;jueves;dia_habil
24/11/2017;1248;2017;24;11;viernes;dia_habil
25/11/2017;404;2017;25;11;sabado;dia_habil
26/11/2017;3;2017;26;11;domingo;dia_habil
27/11/2017;943;2017;27;11;lunes;dia_habil
28/11/2017;1319;2017;28;11;martes;dia_habil
29/11/2017;1726;2017;29;11;miercoles;dia_habil
30/11/2017;2977;2017;30;11;jueves;dia_habil
1/12/2017;649;2017;1;12;viernes;dia_habil
2/12/2017;178;2017;2;12;sabado;dia_habil
3/12/2017;1;2017;3;12;domingo;dia_habil
4/12/2017;550;2017;4;12;lunes;dia_habil
5/12/2017;779;2017;5;12;martes;dia_habil
6/12/2017;1001;2017;6;12;miercoles;dia_habil
7/12/2017;1044;2017;7;12;jueves;dia_habil
8/12/2017;1;2017;8;12;viernes;festivo
9/12/2017;148;2017;9;12;sabado;dia_habil
10/12/2017;0;2017;10;12;domingo;dia_habil
11/12/2017;784;2017;11;12;lunes;dia_habil
12/12/2017;1084;2017;12;12;martes;dia_habil
13/12/2017;1182;2017;13;12;miercoles;dia_habil
14/12/2017;1171;2017;14;12;jueves;dia_habil
15/12/2017;1173;2017;15;12;viernes;dia_habil
16/12/2017;262;2017;16;12;sabado;dia_habil
17/12/2017;0;2017;17;12;domingo;dia_habil
18/12/2017;959;2017;18;12;lunes;dia_habil
19/12/2017;1364;2017;19;12;martes;dia_habil
20/12/2017;1577;2017;20;12;miercoles;dia_habil
21/12/2017;1602;2017;21;12;jueves;dia_habil
22/12/2017;1645;2017;22;12;viernes;dia_habil
23/12/2017;496;2017;23;12;sabado;dia_habil
24/12/2017;0;2017;24;12;domingo;dia_habil
25/12/2017;0;2017;25;12;lunes;navidad
26/12/2017;1251;2017;26;12;martes;dia_habil
27/12/2017;2102;2017;27;12;miercoles;dia_habil
28/12/2017;3449;2017;28;12;jueves;dia_habil
29/12/2017;1084;2017;29;12;viernes;dia_habil
30/12/2017;18;2017;30;12;sabado;dia_habil
31/12/2017;0;2017;31;12;domingo;a_viejo
