FECHA;YEAR;DIA;MES;DIA_SEMANA;FESTIVIDAD
1/01/2012;2012;1;1;domingo;a_nuevo
2/01/2012;2012;2;1;lunes;dia_habil
3/01/2012;2012;3;1;martes;dia_habil
4/01/2012;2012;4;1;miercoles;dia_habil
5/01/2012;2012;5;1;jueves;dia_habil
6/01/2012;2012;6;1;viernes;dia_habil
7/01/2012;2012;7;1;sabado;dia_habil
8/01/2012;2012;8;1;domingo;dia_habil
9/01/2012;2012;9;1;lunes;festivo
10/01/2012;2012;10;1;martes;dia_habil
11/01/2012;2012;11;1;miercoles;dia_habil
12/01/2012;2012;12;1;jueves;dia_habil
13/01/2012;2012;13;1;viernes;dia_habil
14/01/2012;2012;14;1;sabado;dia_habil
15/01/2012;2012;15;1;domingo;dia_habil
16/01/2012;2012;16;1;lunes;dia_habil
17/01/2012;2012;17;1;martes;dia_habil
18/01/2012;2012;18;1;miercoles;dia_habil
19/01/2012;2012;19;1;jueves;dia_habil
20/01/2012;2012;20;1;viernes;dia_habil
21/01/2012;2012;21;1;sabado;dia_habil
22/01/2012;2012;22;1;domingo;dia_habil
23/01/2012;2012;23;1;lunes;dia_habil
24/01/2012;2012;24;1;martes;dia_habil
25/01/2012;2012;25;1;miercoles;dia_habil
26/01/2012;2012;26;1;jueves;dia_habil
27/01/2012;2012;27;1;viernes;dia_habil
28/01/2012;2012;28;1;sabado;dia_habil
29/01/2012;2012;29;1;domingo;dia_habil
30/01/2012;2012;30;1;lunes;dia_habil
31/01/2012;2012;31;1;martes;dia_habil
1/02/2012;2012;1;2;miercoles;dia_habil
2/02/2012;2012;2;2;jueves;dia_habil
3/02/2012;2012;3;2;viernes;dia_habil
4/02/2012;2012;4;2;sabado;dia_habil
5/02/2012;2012;5;2;domingo;dia_habil
6/02/2012;2012;6;2;lunes;dia_habil
7/02/2012;2012;7;2;martes;dia_habil
8/02/2012;2012;8;2;miercoles;dia_habil
9/02/2012;2012;9;2;jueves;dia_habil
10/02/2012;2012;10;2;viernes;dia_habil
11/02/2012;2012;11;2;sabado;dia_habil
12/02/2012;2012;12;2;domingo;dia_habil
13/02/2012;2012;13;2;lunes;dia_habil
14/02/2012;2012;14;2;martes;dia_habil
15/02/2012;2012;15;2;miercoles;dia_habil
16/02/2012;2012;16;2;jueves;dia_habil
17/02/2012;2012;17;2;viernes;dia_habil
18/02/2012;2012;18;2;sabado;dia_habil
19/02/2012;2012;19;2;domingo;dia_habil
20/02/2012;2012;20;2;lunes;dia_habil
21/02/2012;2012;21;2;martes;dia_habil
22/02/2012;2012;22;2;miercoles;dia_habil
23/02/2012;2012;23;2;jueves;dia_habil
24/02/2012;2012;24;2;viernes;dia_habil
25/02/2012;2012;25;2;sabado;dia_habil
26/02/2012;2012;26;2;domingo;dia_habil
27/02/2012;2012;27;2;lunes;dia_habil
28/02/2012;2012;28;2;martes;dia_habil
29/02/2012;2012;29;2;miercoles;dia_habil
1/03/2012;2012;1;3;jueves;dia_habil
2/03/2012;2012;2;3;viernes;dia_habil
3/03/2012;2012;3;3;sabado;dia_habil
4/03/2012;2012;4;3;domingo;dia_habil
5/03/2012;2012;5;3;lunes;dia_habil
6/03/2012;2012;6;3;martes;dia_habil
7/03/2012;2012;7;3;miercoles;dia_habil
8/03/2012;2012;8;3;jueves;dia_habil
9/03/2012;2012;9;3;viernes;dia_habil
10/03/2012;2012;10;3;sabado;dia_habil
11/03/2012;2012;11;3;domingo;dia_habil
12/03/2012;2012;12;3;lunes;dia_habil
13/03/2012;2012;13;3;martes;dia_habil
14/03/2012;2012;14;3;miercoles;dia_habil
15/03/2012;2012;15;3;jueves;dia_habil
16/03/2012;2012;16;3;viernes;dia_habil
17/03/2012;2012;17;3;sabado;dia_habil
18/03/2012;2012;18;3;domingo;dia_habil
19/03/2012;2012;19;3;lunes;festivo
20/03/2012;2012;20;3;martes;dia_habil
21/03/2012;2012;21;3;miercoles;dia_habil
22/03/2012;2012;22;3;jueves;dia_habil
23/03/2012;2012;23;3;viernes;dia_habil
24/03/2012;2012;24;3;sabado;dia_habil
25/03/2012;2012;25;3;domingo;dia_habil
26/03/2012;2012;26;3;lunes;dia_habil
27/03/2012;2012;27;3;martes;dia_habil
28/03/2012;2012;28;3;miercoles;dia_habil
29/03/2012;2012;29;3;jueves;dia_habil
30/03/2012;2012;30;3;viernes;dia_habil
31/03/2012;2012;31;3;sabado;dia_habil
1/04/2012;2012;1;4;domingo;sem_santa
2/04/2012;2012;2;4;lunes;sem_santa
3/04/2012;2012;3;4;martes;sem_santa
4/04/2012;2012;4;4;miercoles;sem_santa
5/04/2012;2012;5;4;jueves;sem_santa
6/04/2012;2012;6;4;viernes;sem_santa
7/04/2012;2012;7;4;sabado;sem_santa
8/04/2012;2012;8;4;domingo;dia_habil
9/04/2012;2012;9;4;lunes;dia_habil
10/04/2012;2012;10;4;martes;dia_habil
11/04/2012;2012;11;4;miercoles;dia_habil
12/04/2012;2012;12;4;jueves;dia_habil
13/04/2012;2012;13;4;viernes;dia_habil
14/04/2012;2012;14;4;sabado;dia_habil
15/04/2012;2012;15;4;domingo;dia_habil
16/04/2012;2012;16;4;lunes;dia_habil
17/04/2012;2012;17;4;martes;dia_habil
18/04/2012;2012;18;4;miercoles;dia_habil
19/04/2012;2012;19;4;jueves;dia_habil
20/04/2012;2012;20;4;viernes;dia_habil
21/04/2012;2012;21;4;sabado;dia_habil
22/04/2012;2012;22;4;domingo;dia_habil
23/04/2012;2012;23;4;lunes;dia_habil
24/04/2012;2012;24;4;martes;dia_habil
25/04/2012;2012;25;4;miercoles;dia_habil
26/04/2012;2012;26;4;jueves;dia_habil
27/04/2012;2012;27;4;viernes;dia_habil
28/04/2012;2012;28;4;sabado;dia_habil
29/04/2012;2012;29;4;domingo;dia_habil
30/04/2012;2012;30;4;lunes;dia_habil
1/05/2012;2012;1;5;martes;festivo
2/05/2012;2012;2;5;miercoles;dia_habil
3/05/2012;2012;3;5;jueves;dia_habil
4/05/2012;2012;4;5;viernes;dia_habil
5/05/2012;2012;5;5;sabado;dia_habil
6/05/2012;2012;6;5;domingo;dia_habil
7/05/2012;2012;7;5;lunes;dia_habil
8/05/2012;2012;8;5;martes;dia_habil
9/05/2012;2012;9;5;miercoles;dia_habil
10/05/2012;2012;10;5;jueves;dia_habil
11/05/2012;2012;11;5;viernes;dia_habil
12/05/2012;2012;12;5;sabado;dia_habil
13/05/2012;2012;13;5;domingo;madres
14/05/2012;2012;14;5;lunes;dia_habil
15/05/2012;2012;15;5;martes;dia_habil
16/05/2012;2012;16;5;miercoles;dia_habil
17/05/2012;2012;17;5;jueves;dia_habil
18/05/2012;2012;18;5;viernes;dia_habil
19/05/2012;2012;19;5;sabado;dia_habil
20/05/2012;2012;20;5;domingo;dia_habil
21/05/2012;2012;21;5;lunes;festivo
22/05/2012;2012;22;5;martes;dia_habil
23/05/2012;2012;23;5;miercoles;dia_habil
24/05/2012;2012;24;5;jueves;dia_habil
25/05/2012;2012;25;5;viernes;dia_habil
26/05/2012;2012;26;5;sabado;dia_habil
27/05/2012;2012;27;5;domingo;dia_habil
28/05/2012;2012;28;5;lunes;dia_habil
29/05/2012;2012;29;5;martes;dia_habil
30/05/2012;2012;30;5;miercoles;dia_habil
31/05/2012;2012;31;5;jueves;dia_habil
1/06/2012;2012;1;6;viernes;dia_habil
2/06/2012;2012;2;6;sabado;dia_habil
3/06/2012;2012;3;6;domingo;dia_habil
4/06/2012;2012;4;6;lunes;dia_habil
5/06/2012;2012;5;6;martes;dia_habil
6/06/2012;2012;6;6;miercoles;dia_habil
7/06/2012;2012;7;6;jueves;dia_habil
8/06/2012;2012;8;6;viernes;dia_habil
9/06/2012;2012;9;6;sabado;dia_habil
10/06/2012;2012;10;6;domingo;dia_habil
11/06/2012;2012;11;6;lunes;festivo
12/06/2012;2012;12;6;martes;dia_habil
13/06/2012;2012;13;6;miercoles;dia_habil
14/06/2012;2012;14;6;jueves;dia_habil
15/06/2012;2012;15;6;viernes;dia_habil
16/06/2012;2012;16;6;sabado;dia_habil
17/06/2012;2012;17;6;domingo;dia_habil
18/06/2012;2012;18;6;lunes;festivo
19/06/2012;2012;19;6;martes;dia_habil
20/06/2012;2012;20;6;miercoles;dia_habil
21/06/2012;2012;21;6;jueves;dia_habil
22/06/2012;2012;22;6;viernes;dia_habil
23/06/2012;2012;23;6;sabado;dia_habil
24/06/2012;2012;24;6;domingo;dia_habil
25/06/2012;2012;25;6;lunes;dia_habil
26/06/2012;2012;26;6;martes;dia_habil
27/06/2012;2012;27;6;miercoles;dia_habil
28/06/2012;2012;28;6;jueves;dia_habil
29/06/2012;2012;29;6;viernes;dia_habil
30/06/2012;2012;30;6;sabado;dia_habil
1/07/2012;2012;1;7;domingo;dia_habil
2/07/2012;2012;2;7;lunes;festivo
3/07/2012;2012;3;7;martes;dia_habil
4/07/2012;2012;4;7;miercoles;dia_habil
5/07/2012;2012;5;7;jueves;dia_habil
6/07/2012;2012;6;7;viernes;dia_habil
7/07/2012;2012;7;7;sabado;dia_habil
8/07/2012;2012;8;7;domingo;dia_habil
9/07/2012;2012;9;7;lunes;dia_habil
10/07/2012;2012;10;7;martes;dia_habil
11/07/2012;2012;11;7;miercoles;dia_habil
12/07/2012;2012;12;7;jueves;dia_habil
13/07/2012;2012;13;7;viernes;dia_habil
14/07/2012;2012;14;7;sabado;dia_habil
15/07/2012;2012;15;7;domingo;dia_habil
16/07/2012;2012;16;7;lunes;dia_habil
17/07/2012;2012;17;7;martes;dia_habil
18/07/2012;2012;18;7;miercoles;dia_habil
19/07/2012;2012;19;7;jueves;dia_habil
20/07/2012;2012;20;7;viernes;festivo
21/07/2012;2012;21;7;sabado;dia_habil
22/07/2012;2012;22;7;domingo;dia_habil
23/07/2012;2012;23;7;lunes;dia_habil
24/07/2012;2012;24;7;martes;dia_habil
25/07/2012;2012;25;7;miercoles;dia_habil
26/07/2012;2012;26;7;jueves;dia_habil
27/07/2012;2012;27;7;viernes;dia_habil
28/07/2012;2012;28;7;sabado;dia_habil
29/07/2012;2012;29;7;domingo;dia_habil
30/07/2012;2012;30;7;lunes;dia_habil
31/07/2012;2012;31;7;martes;dia_habil
1/08/2012;2012;1;8;miercoles;dia_habil
2/08/2012;2012;2;8;jueves;dia_habil
3/08/2012;2012;3;8;viernes;dia_habil
4/08/2012;2012;4;8;sabado;dia_habil
5/08/2012;2012;5;8;domingo;dia_habil
6/08/2012;2012;6;8;lunes;dia_habil
7/08/2012;2012;7;8;martes;festivo
8/08/2012;2012;8;8;miercoles;dia_habil
9/08/2012;2012;9;8;jueves;dia_habil
10/08/2012;2012;10;8;viernes;dia_habil
11/08/2012;2012;11;8;sabado;dia_habil
12/08/2012;2012;12;8;domingo;dia_habil
13/08/2012;2012;13;8;lunes;dia_habil
14/08/2012;2012;14;8;martes;dia_habil
15/08/2012;2012;15;8;miercoles;dia_habil
16/08/2012;2012;16;8;jueves;dia_habil
17/08/2012;2012;17;8;viernes;dia_habil
18/08/2012;2012;18;8;sabado;dia_habil
19/08/2012;2012;19;8;domingo;dia_habil
20/08/2012;2012;20;8;lunes;festivo
21/08/2012;2012;21;8;martes;dia_habil
22/08/2012;2012;22;8;miercoles;dia_habil
23/08/2012;2012;23;8;jueves;dia_habil
24/08/2012;2012;24;8;viernes;dia_habil
25/08/2012;2012;25;8;sabado;dia_habil
26/08/2012;2012;26;8;domingo;dia_habil
27/08/2012;2012;27;8;lunes;dia_habil
28/08/2012;2012;28;8;martes;dia_habil
29/08/2012;2012;29;8;miercoles;dia_habil
30/08/2012;2012;30;8;jueves;dia_habil
31/08/2012;2012;31;8;viernes;dia_habil
1/09/2012;2012;1;9;sabado;dia_habil
2/09/2012;2012;2;9;domingo;dia_habil
3/09/2012;2012;3;9;lunes;dia_habil
4/09/2012;2012;4;9;martes;dia_habil
5/09/2012;2012;5;9;miercoles;dia_habil
6/09/2012;2012;6;9;jueves;dia_habil
7/09/2012;2012;7;9;viernes;dia_habil
8/09/2012;2012;8;9;sabado;dia_habil
9/09/2012;2012;9;9;domingo;dia_habil
10/09/2012;2012;10;9;lunes;dia_habil
11/09/2012;2012;11;9;martes;dia_habil
12/09/2012;2012;12;9;miercoles;dia_habil
13/09/2012;2012;13;9;jueves;dia_habil
14/09/2012;2012;14;9;viernes;dia_habil
15/09/2012;2012;15;9;sabado;dia_habil
16/09/2012;2012;16;9;domingo;dia_habil
17/09/2012;2012;17;9;lunes;dia_habil
18/09/2012;2012;18;9;martes;dia_habil
19/09/2012;2012;19;9;miercoles;dia_habil
20/09/2012;2012;20;9;jueves;dia_habil
21/09/2012;2012;21;9;viernes;dia_habil
22/09/2012;2012;22;9;sabado;dia_habil
23/09/2012;2012;23;9;domingo;dia_habil
24/09/2012;2012;24;9;lunes;dia_habil
25/09/2012;2012;25;9;martes;dia_habil
26/09/2012;2012;26;9;miercoles;dia_habil
27/09/2012;2012;27;9;jueves;dia_habil
28/09/2012;2012;28;9;viernes;dia_habil
29/09/2012;2012;29;9;sabado;dia_habil
30/09/2012;2012;30;9;domingo;dia_habil
1/10/2012;2012;1;10;lunes;dia_habil
2/10/2012;2012;2;10;martes;dia_habil
3/10/2012;2012;3;10;miercoles;dia_habil
4/10/2012;2012;4;10;jueves;dia_habil
5/10/2012;2012;5;10;viernes;dia_habil
6/10/2012;2012;6;10;sabado;dia_habil
7/10/2012;2012;7;10;domingo;dia_habil
8/10/2012;2012;8;10;lunes;dia_habil
9/10/2012;2012;9;10;martes;dia_habil
10/10/2012;2012;10;10;miercoles;dia_habil
11/10/2012;2012;11;10;jueves;dia_habil
12/10/2012;2012;12;10;viernes;dia_habil
13/10/2012;2012;13;10;sabado;dia_habil
14/10/2012;2012;14;10;domingo;dia_habil
15/10/2012;2012;15;10;lunes;festivo
16/10/2012;2012;16;10;martes;dia_habil
17/10/2012;2012;17;10;miercoles;dia_habil
18/10/2012;2012;18;10;jueves;dia_habil
19/10/2012;2012;19;10;viernes;dia_habil
20/10/2012;2012;20;10;sabado;dia_habil
21/10/2012;2012;21;10;domingo;dia_habil
22/10/2012;2012;22;10;lunes;dia_habil
23/10/2012;2012;23;10;martes;dia_habil
24/10/2012;2012;24;10;miercoles;dia_habil
25/10/2012;2012;25;10;jueves;dia_habil
26/10/2012;2012;26;10;viernes;dia_habil
27/10/2012;2012;27;10;sabado;dia_habil
28/10/2012;2012;28;10;domingo;dia_habil
29/10/2012;2012;29;10;lunes;dia_habil
30/10/2012;2012;30;10;martes;dia_habil
31/10/2012;2012;31;10;miercoles;brujas
1/11/2012;2012;1;11;jueves;dia_habil
2/11/2012;2012;2;11;viernes;dia_habil
3/11/2012;2012;3;11;sabado;dia_habil
4/11/2012;2012;4;11;domingo;dia_habil
5/11/2012;2012;5;11;lunes;festivo
6/11/2012;2012;6;11;martes;dia_habil
7/11/2012;2012;7;11;miercoles;dia_habil
8/11/2012;2012;8;11;jueves;dia_habil
9/11/2012;2012;9;11;viernes;dia_habil
10/11/2012;2012;10;11;sabado;dia_habil
11/11/2012;2012;11;11;domingo;dia_habil
12/11/2012;2012;12;11;lunes;festivo
13/11/2012;2012;13;11;martes;dia_habil
14/11/2012;2012;14;11;miercoles;dia_habil
15/11/2012;2012;15;11;jueves;dia_habil
16/11/2012;2012;16;11;viernes;dia_habil
17/11/2012;2012;17;11;sabado;dia_habil
18/11/2012;2012;18;11;domingo;dia_habil
19/11/2012;2012;19;11;lunes;dia_habil
20/11/2012;2012;20;11;martes;dia_habil
21/11/2012;2012;21;11;miercoles;dia_habil
22/11/2012;2012;22;11;jueves;dia_habil
23/11/2012;2012;23;11;viernes;dia_habil
24/11/2012;2012;24;11;sabado;dia_habil
25/11/2012;2012;25;11;domingo;dia_habil
26/11/2012;2012;26;11;lunes;dia_habil
27/11/2012;2012;27;11;martes;dia_habil
28/11/2012;2012;28;11;miercoles;dia_habil
29/11/2012;2012;29;11;jueves;dia_habil
30/11/2012;2012;30;11;viernes;dia_habil
1/12/2012;2012;1;12;sabado;dia_habil
2/12/2012;2012;2;12;domingo;dia_habil
3/12/2012;2012;3;12;lunes;dia_habil
4/12/2012;2012;4;12;martes;dia_habil
5/12/2012;2012;5;12;miercoles;dia_habil
6/12/2012;2012;6;12;jueves;dia_habil
7/12/2012;2012;7;12;viernes;dia_habil
8/12/2012;2012;8;12;sabado;festivo
9/12/2012;2012;9;12;domingo;dia_habil
10/12/2012;2012;10;12;lunes;dia_habil
11/12/2012;2012;11;12;martes;dia_habil
12/12/2012;2012;12;12;miercoles;dia_habil
13/12/2012;2012;13;12;jueves;dia_habil
14/12/2012;2012;14;12;viernes;dia_habil
15/12/2012;2012;15;12;sabado;dia_habil
16/12/2012;2012;16;12;domingo;dia_habil
17/12/2012;2012;17;12;lunes;dia_habil
18/12/2012;2012;18;12;martes;dia_habil
19/12/2012;2012;19;12;miercoles;dia_habil
20/12/2012;2012;20;12;jueves;dia_habil
21/12/2012;2012;21;12;viernes;dia_habil
22/12/2012;2012;22;12;sabado;dia_habil
23/12/2012;2012;23;12;domingo;dia_habil
24/12/2012;2012;24;12;lunes;dia_habil
25/12/2012;2012;25;12;martes;navidad
26/12/2012;2012;26;12;miercoles;dia_habil
27/12/2012;2012;27;12;jueves;dia_habil
28/12/2012;2012;28;12;viernes;dia_habil
29/12/2012;2012;29;12;sabado;dia_habil
30/12/2012;2012;30;12;domingo;dia_habil
31/12/2012;2012;31;12;lunes;a_viejo
1/01/2013;2013;1;1;martes;a_nuevo
2/01/2013;2013;2;1;miercoles;dia_habil
3/01/2013;2013;3;1;jueves;dia_habil
4/01/2013;2013;4;1;viernes;dia_habil
5/01/2013;2013;5;1;sabado;dia_habil
6/01/2013;2013;6;1;domingo;dia_habil
7/01/2013;2013;7;1;lunes;dia_habil
8/01/2013;2013;8;1;martes;dia_habil
9/01/2013;2013;9;1;miercoles;dia_habil
10/01/2013;2013;10;1;jueves;dia_habil
11/01/2013;2013;11;1;viernes;dia_habil
12/01/2013;2013;12;1;sabado;dia_habil
13/01/2013;2013;13;1;domingo;dia_habil
14/01/2013;2013;14;1;lunes;festivo
15/01/2013;2013;15;1;martes;dia_habil
16/01/2013;2013;16;1;miercoles;dia_habil
17/01/2013;2013;17;1;jueves;dia_habil
18/01/2013;2013;18;1;viernes;dia_habil
19/01/2013;2013;19;1;sabado;dia_habil
20/01/2013;2013;20;1;domingo;dia_habil
21/01/2013;2013;21;1;lunes;dia_habil
22/01/2013;2013;22;1;martes;dia_habil
23/01/2013;2013;23;1;miercoles;dia_habil
24/01/2013;2013;24;1;jueves;dia_habil
25/01/2013;2013;25;1;viernes;dia_habil
26/01/2013;2013;26;1;sabado;dia_habil
27/01/2013;2013;27;1;domingo;dia_habil
28/01/2013;2013;28;1;lunes;dia_habil
29/01/2013;2013;29;1;martes;dia_habil
30/01/2013;2013;30;1;miercoles;dia_habil
31/01/2013;2013;31;1;jueves;dia_habil
1/02/2013;2013;1;2;viernes;dia_habil
2/02/2013;2013;2;2;sabado;dia_habil
3/02/2013;2013;3;2;domingo;dia_habil
4/02/2013;2013;4;2;lunes;dia_habil
5/02/2013;2013;5;2;martes;dia_habil
6/02/2013;2013;6;2;miercoles;dia_habil
7/02/2013;2013;7;2;jueves;dia_habil
8/02/2013;2013;8;2;viernes;dia_habil
9/02/2013;2013;9;2;sabado;dia_habil
10/02/2013;2013;10;2;domingo;dia_habil
11/02/2013;2013;11;2;lunes;dia_habil
12/02/2013;2013;12;2;martes;dia_habil
13/02/2013;2013;13;2;miercoles;dia_habil
14/02/2013;2013;14;2;jueves;dia_habil
15/02/2013;2013;15;2;viernes;dia_habil
16/02/2013;2013;16;2;sabado;dia_habil
17/02/2013;2013;17;2;domingo;dia_habil
18/02/2013;2013;18;2;lunes;dia_habil
19/02/2013;2013;19;2;martes;dia_habil
20/02/2013;2013;20;2;miercoles;dia_habil
21/02/2013;2013;21;2;jueves;dia_habil
22/02/2013;2013;22;2;viernes;dia_habil
23/02/2013;2013;23;2;sabado;dia_habil
24/02/2013;2013;24;2;domingo;dia_habil
25/02/2013;2013;25;2;lunes;dia_habil
26/02/2013;2013;26;2;martes;dia_habil
27/02/2013;2013;27;2;miercoles;dia_habil
28/02/2013;2013;28;2;jueves;dia_habil
1/03/2013;2013;1;3;viernes;dia_habil
2/03/2013;2013;2;3;sabado;dia_habil
3/03/2013;2013;3;3;domingo;dia_habil
4/03/2013;2013;4;3;lunes;dia_habil
5/03/2013;2013;5;3;martes;dia_habil
6/03/2013;2013;6;3;miercoles;dia_habil
7/03/2013;2013;7;3;jueves;dia_habil
8/03/2013;2013;8;3;viernes;dia_habil
9/03/2013;2013;9;3;sabado;dia_habil
10/03/2013;2013;10;3;domingo;dia_habil
11/03/2013;2013;11;3;lunes;dia_habil
12/03/2013;2013;12;3;martes;dia_habil
13/03/2013;2013;13;3;miercoles;dia_habil
14/03/2013;2013;14;3;jueves;dia_habil
15/03/2013;2013;15;3;viernes;dia_habil
16/03/2013;2013;16;3;sabado;dia_habil
17/03/2013;2013;17;3;domingo;dia_habil
18/03/2013;2013;18;3;lunes;dia_habil
19/03/2013;2013;19;3;martes;dia_habil
20/03/2013;2013;20;3;miercoles;dia_habil
21/03/2013;2013;21;3;jueves;dia_habil
22/03/2013;2013;22;3;viernes;dia_habil
23/03/2013;2013;23;3;sabado;dia_habil
24/03/2013;2013;24;3;domingo;sem_santa
25/03/2013;2013;25;3;lunes;sem_santa
26/03/2013;2013;26;3;martes;sem_santa
27/03/2013;2013;27;3;miercoles;sem_santa
28/03/2013;2013;28;3;jueves;sem_santa
29/03/2013;2013;29;3;viernes;sem_santa
30/03/2013;2013;30;3;sabado;sem_santa
31/03/2013;2013;31;3;domingo;dia_habil
1/04/2013;2013;1;4;lunes;dia_habil
2/04/2013;2013;2;4;martes;dia_habil
3/04/2013;2013;3;4;miercoles;dia_habil
4/04/2013;2013;4;4;jueves;dia_habil
5/04/2013;2013;5;4;viernes;dia_habil
6/04/2013;2013;6;4;sabado;dia_habil
7/04/2013;2013;7;4;domingo;dia_habil
8/04/2013;2013;8;4;lunes;dia_habil
9/04/2013;2013;9;4;martes;dia_habil
10/04/2013;2013;10;4;miercoles;dia_habil
11/04/2013;2013;11;4;jueves;dia_habil
12/04/2013;2013;12;4;viernes;dia_habil
13/04/2013;2013;13;4;sabado;dia_habil
14/04/2013;2013;14;4;domingo;dia_habil
15/04/2013;2013;15;4;lunes;dia_habil
16/04/2013;2013;16;4;martes;dia_habil
17/04/2013;2013;17;4;miercoles;dia_habil
18/04/2013;2013;18;4;jueves;dia_habil
19/04/2013;2013;19;4;viernes;dia_habil
20/04/2013;2013;20;4;sabado;dia_habil
21/04/2013;2013;21;4;domingo;dia_habil
22/04/2013;2013;22;4;lunes;dia_habil
23/04/2013;2013;23;4;martes;dia_habil
24/04/2013;2013;24;4;miercoles;dia_habil
25/04/2013;2013;25;4;jueves;dia_habil
26/04/2013;2013;26;4;viernes;dia_habil
27/04/2013;2013;27;4;sabado;dia_habil
28/04/2013;2013;28;4;domingo;dia_habil
29/04/2013;2013;29;4;lunes;dia_habil
30/04/2013;2013;30;4;martes;dia_habil
1/05/2013;2013;1;5;miercoles;festivo
2/05/2013;2013;2;5;jueves;dia_habil
3/05/2013;2013;3;5;viernes;dia_habil
4/05/2013;2013;4;5;sabado;dia_habil
5/05/2013;2013;5;5;domingo;dia_habil
6/05/2013;2013;6;5;lunes;dia_habil
7/05/2013;2013;7;5;martes;dia_habil
8/05/2013;2013;8;5;miercoles;dia_habil
9/05/2013;2013;9;5;jueves;dia_habil
10/05/2013;2013;10;5;viernes;dia_habil
11/05/2013;2013;11;5;sabado;dia_habil
12/05/2013;2013;12;5;domingo;madres
13/05/2013;2013;13;5;lunes;festivo
14/05/2013;2013;14;5;martes;dia_habil
15/05/2013;2013;15;5;miercoles;dia_habil
16/05/2013;2013;16;5;jueves;dia_habil
17/05/2013;2013;17;5;viernes;dia_habil
18/05/2013;2013;18;5;sabado;dia_habil
19/05/2013;2013;19;5;domingo;dia_habil
20/05/2013;2013;20;5;lunes;dia_habil
21/05/2013;2013;21;5;martes;dia_habil
22/05/2013;2013;22;5;miercoles;dia_habil
23/05/2013;2013;23;5;jueves;dia_habil
24/05/2013;2013;24;5;viernes;dia_habil
25/05/2013;2013;25;5;sabado;dia_habil
26/05/2013;2013;26;5;domingo;dia_habil
27/05/2013;2013;27;5;lunes;dia_habil
28/05/2013;2013;28;5;martes;dia_habil
29/05/2013;2013;29;5;miercoles;dia_habil
30/05/2013;2013;30;5;jueves;dia_habil
31/05/2013;2013;31;5;viernes;dia_habil
1/06/2013;2013;1;6;sabado;dia_habil
2/06/2013;2013;2;6;domingo;dia_habil
3/06/2013;2013;3;6;lunes;festivo
4/06/2013;2013;4;6;martes;dia_habil
5/06/2013;2013;5;6;miercoles;dia_habil
6/06/2013;2013;6;6;jueves;dia_habil
7/06/2013;2013;7;6;viernes;dia_habil
8/06/2013;2013;8;6;sabado;dia_habil
9/06/2013;2013;9;6;domingo;dia_habil
10/06/2013;2013;10;6;lunes;festivo
11/06/2013;2013;11;6;martes;dia_habil
12/06/2013;2013;12;6;miercoles;dia_habil
13/06/2013;2013;13;6;jueves;dia_habil
14/06/2013;2013;14;6;viernes;dia_habil
15/06/2013;2013;15;6;sabado;dia_habil
16/06/2013;2013;16;6;domingo;dia_habil
17/06/2013;2013;17;6;lunes;dia_habil
18/06/2013;2013;18;6;martes;dia_habil
19/06/2013;2013;19;6;miercoles;dia_habil
20/06/2013;2013;20;6;jueves;dia_habil
21/06/2013;2013;21;6;viernes;dia_habil
22/06/2013;2013;22;6;sabado;dia_habil
23/06/2013;2013;23;6;domingo;dia_habil
24/06/2013;2013;24;6;lunes;dia_habil
25/06/2013;2013;25;6;martes;dia_habil
26/06/2013;2013;26;6;miercoles;dia_habil
27/06/2013;2013;27;6;jueves;dia_habil
28/06/2013;2013;28;6;viernes;dia_habil
29/06/2013;2013;29;6;sabado;dia_habil
30/06/2013;2013;30;6;domingo;dia_habil
1/07/2013;2013;1;7;lunes;festivo
2/07/2013;2013;2;7;martes;dia_habil
3/07/2013;2013;3;7;miercoles;dia_habil
4/07/2013;2013;4;7;jueves;dia_habil
5/07/2013;2013;5;7;viernes;dia_habil
6/07/2013;2013;6;7;sabado;dia_habil
7/07/2013;2013;7;7;domingo;dia_habil
8/07/2013;2013;8;7;lunes;dia_habil
9/07/2013;2013;9;7;martes;dia_habil
10/07/2013;2013;10;7;miercoles;dia_habil
11/07/2013;2013;11;7;jueves;dia_habil
12/07/2013;2013;12;7;viernes;dia_habil
13/07/2013;2013;13;7;sabado;dia_habil
14/07/2013;2013;14;7;domingo;dia_habil
15/07/2013;2013;15;7;lunes;dia_habil
16/07/2013;2013;16;7;martes;dia_habil
17/07/2013;2013;17;7;miercoles;dia_habil
18/07/2013;2013;18;7;jueves;dia_habil
19/07/2013;2013;19;7;viernes;dia_habil
20/07/2013;2013;20;7;sabado;festivo
21/07/2013;2013;21;7;domingo;dia_habil
22/07/2013;2013;22;7;lunes;dia_habil
23/07/2013;2013;23;7;martes;dia_habil
24/07/2013;2013;24;7;miercoles;dia_habil
25/07/2013;2013;25;7;jueves;dia_habil
26/07/2013;2013;26;7;viernes;dia_habil
27/07/2013;2013;27;7;sabado;dia_habil
28/07/2013;2013;28;7;domingo;dia_habil
29/07/2013;2013;29;7;lunes;dia_habil
30/07/2013;2013;30;7;martes;dia_habil
31/07/2013;2013;31;7;miercoles;dia_habil
1/08/2013;2013;1;8;jueves;dia_habil
2/08/2013;2013;2;8;viernes;dia_habil
3/08/2013;2013;3;8;sabado;dia_habil
4/08/2013;2013;4;8;domingo;dia_habil
5/08/2013;2013;5;8;lunes;dia_habil
6/08/2013;2013;6;8;martes;dia_habil
7/08/2013;2013;7;8;miercoles;festivo
8/08/2013;2013;8;8;jueves;dia_habil
9/08/2013;2013;9;8;viernes;dia_habil
10/08/2013;2013;10;8;sabado;dia_habil
11/08/2013;2013;11;8;domingo;dia_habil
12/08/2013;2013;12;8;lunes;dia_habil
13/08/2013;2013;13;8;martes;dia_habil
14/08/2013;2013;14;8;miercoles;dia_habil
15/08/2013;2013;15;8;jueves;dia_habil
16/08/2013;2013;16;8;viernes;dia_habil
17/08/2013;2013;17;8;sabado;dia_habil
18/08/2013;2013;18;8;domingo;dia_habil
19/08/2013;2013;19;8;lunes;festivo
20/08/2013;2013;20;8;martes;dia_habil
21/08/2013;2013;21;8;miercoles;dia_habil
22/08/2013;2013;22;8;jueves;dia_habil
23/08/2013;2013;23;8;viernes;dia_habil
24/08/2013;2013;24;8;sabado;dia_habil
25/08/2013;2013;25;8;domingo;dia_habil
26/08/2013;2013;26;8;lunes;dia_habil
27/08/2013;2013;27;8;martes;dia_habil
28/08/2013;2013;28;8;miercoles;dia_habil
29/08/2013;2013;29;8;jueves;dia_habil
30/08/2013;2013;30;8;viernes;dia_habil
31/08/2013;2013;31;8;sabado;dia_habil
1/09/2013;2013;1;9;domingo;dia_habil
2/09/2013;2013;2;9;lunes;dia_habil
3/09/2013;2013;3;9;martes;dia_habil
4/09/2013;2013;4;9;miercoles;dia_habil
5/09/2013;2013;5;9;jueves;dia_habil
6/09/2013;2013;6;9;viernes;dia_habil
7/09/2013;2013;7;9;sabado;dia_habil
8/09/2013;2013;8;9;domingo;dia_habil
9/09/2013;2013;9;9;lunes;dia_habil
10/09/2013;2013;10;9;martes;dia_habil
11/09/2013;2013;11;9;miercoles;dia_habil
12/09/2013;2013;12;9;jueves;dia_habil
13/09/2013;2013;13;9;viernes;dia_habil
14/09/2013;2013;14;9;sabado;dia_habil
15/09/2013;2013;15;9;domingo;dia_habil
16/09/2013;2013;16;9;lunes;dia_habil
17/09/2013;2013;17;9;martes;dia_habil
18/09/2013;2013;18;9;miercoles;dia_habil
19/09/2013;2013;19;9;jueves;dia_habil
20/09/2013;2013;20;9;viernes;dia_habil
21/09/2013;2013;21;9;sabado;dia_habil
22/09/2013;2013;22;9;domingo;dia_habil
23/09/2013;2013;23;9;lunes;dia_habil
24/09/2013;2013;24;9;martes;dia_habil
25/09/2013;2013;25;9;miercoles;dia_habil
26/09/2013;2013;26;9;jueves;dia_habil
27/09/2013;2013;27;9;viernes;dia_habil
28/09/2013;2013;28;9;sabado;dia_habil
29/09/2013;2013;29;9;domingo;dia_habil
30/09/2013;2013;30;9;lunes;dia_habil
1/10/2013;2013;1;10;martes;dia_habil
2/10/2013;2013;2;10;miercoles;dia_habil
3/10/2013;2013;3;10;jueves;dia_habil
4/10/2013;2013;4;10;viernes;dia_habil
5/10/2013;2013;5;10;sabado;dia_habil
6/10/2013;2013;6;10;domingo;dia_habil
7/10/2013;2013;7;10;lunes;dia_habil
8/10/2013;2013;8;10;martes;dia_habil
9/10/2013;2013;9;10;miercoles;dia_habil
10/10/2013;2013;10;10;jueves;dia_habil
11/10/2013;2013;11;10;viernes;dia_habil
12/10/2013;2013;12;10;sabado;dia_habil
13/10/2013;2013;13;10;domingo;dia_habil
14/10/2013;2013;14;10;lunes;festivo
15/10/2013;2013;15;10;martes;dia_habil
16/10/2013;2013;16;10;miercoles;dia_habil
17/10/2013;2013;17;10;jueves;dia_habil
18/10/2013;2013;18;10;viernes;dia_habil
19/10/2013;2013;19;10;sabado;dia_habil
20/10/2013;2013;20;10;domingo;dia_habil
21/10/2013;2013;21;10;lunes;dia_habil
22/10/2013;2013;22;10;martes;dia_habil
23/10/2013;2013;23;10;miercoles;dia_habil
24/10/2013;2013;24;10;jueves;dia_habil
25/10/2013;2013;25;10;viernes;dia_habil
26/10/2013;2013;26;10;sabado;dia_habil
27/10/2013;2013;27;10;domingo;dia_habil
28/10/2013;2013;28;10;lunes;dia_habil
29/10/2013;2013;29;10;martes;dia_habil
30/10/2013;2013;30;10;miercoles;dia_habil
31/10/2013;2013;31;10;jueves;brujas
1/11/2013;2013;1;11;viernes;dia_habil
2/11/2013;2013;2;11;sabado;dia_habil
3/11/2013;2013;3;11;domingo;dia_habil
4/11/2013;2013;4;11;lunes;festivo
5/11/2013;2013;5;11;martes;dia_habil
6/11/2013;2013;6;11;miercoles;dia_habil
7/11/2013;2013;7;11;jueves;dia_habil
8/11/2013;2013;8;11;viernes;dia_habil
9/11/2013;2013;9;11;sabado;dia_habil
10/11/2013;2013;10;11;domingo;dia_habil
11/11/2013;2013;11;11;lunes;festivo
12/11/2013;2013;12;11;martes;dia_habil
13/11/2013;2013;13;11;miercoles;dia_habil
14/11/2013;2013;14;11;jueves;dia_habil
15/11/2013;2013;15;11;viernes;dia_habil
16/11/2013;2013;16;11;sabado;dia_habil
17/11/2013;2013;17;11;domingo;dia_habil
18/11/2013;2013;18;11;lunes;dia_habil
19/11/2013;2013;19;11;martes;dia_habil
20/11/2013;2013;20;11;miercoles;dia_habil
21/11/2013;2013;21;11;jueves;dia_habil
22/11/2013;2013;22;11;viernes;dia_habil
23/11/2013;2013;23;11;sabado;dia_habil
24/11/2013;2013;24;11;domingo;dia_habil
25/11/2013;2013;25;11;lunes;dia_habil
26/11/2013;2013;26;11;martes;dia_habil
27/11/2013;2013;27;11;miercoles;dia_habil
28/11/2013;2013;28;11;jueves;dia_habil
29/11/2013;2013;29;11;viernes;dia_habil
30/11/2013;2013;30;11;sabado;dia_habil
1/12/2013;2013;1;12;domingo;dia_habil
2/12/2013;2013;2;12;lunes;dia_habil
3/12/2013;2013;3;12;martes;dia_habil
4/12/2013;2013;4;12;miercoles;dia_habil
5/12/2013;2013;5;12;jueves;dia_habil
6/12/2013;2013;6;12;viernes;dia_habil
7/12/2013;2013;7;12;sabado;dia_habil
8/12/2013;2013;8;12;domingo;festivo
9/12/2013;2013;9;12;lunes;dia_habil
10/12/2013;2013;10;12;martes;dia_habil
11/12/2013;2013;11;12;miercoles;dia_habil
12/12/2013;2013;12;12;jueves;dia_habil
13/12/2013;2013;13;12;viernes;dia_habil
14/12/2013;2013;14;12;sabado;dia_habil
15/12/2013;2013;15;12;domingo;dia_habil
16/12/2013;2013;16;12;lunes;dia_habil
17/12/2013;2013;17;12;martes;dia_habil
18/12/2013;2013;18;12;miercoles;dia_habil
19/12/2013;2013;19;12;jueves;dia_habil
20/12/2013;2013;20;12;viernes;dia_habil
21/12/2013;2013;21;12;sabado;dia_habil
22/12/2013;2013;22;12;domingo;dia_habil
23/12/2013;2013;23;12;lunes;dia_habil
24/12/2013;2013;24;12;martes;dia_habil
25/12/2013;2013;25;12;miercoles;navidad
26/12/2013;2013;26;12;jueves;dia_habil
27/12/2013;2013;27;12;viernes;dia_habil
28/12/2013;2013;28;12;sabado;dia_habil
29/12/2013;2013;29;12;domingo;dia_habil
30/12/2013;2013;30;12;lunes;dia_habil
31/12/2013;2013;31;12;martes;a_viejo
1/01/2014;2014;1;1;miercoles;a_nuevo
2/01/2014;2014;2;1;jueves;dia_habil
3/01/2014;2014;3;1;viernes;dia_habil
4/01/2014;2014;4;1;sabado;dia_habil
5/01/2014;2014;5;1;domingo;dia_habil
6/01/2014;2014;6;1;lunes;dia_habil
7/01/2014;2014;7;1;martes;dia_habil
8/01/2014;2014;8;1;miercoles;dia_habil
9/01/2014;2014;9;1;jueves;dia_habil
10/01/2014;2014;10;1;viernes;dia_habil
11/01/2014;2014;11;1;sabado;dia_habil
12/01/2014;2014;12;1;domingo;dia_habil
13/01/2014;2014;13;1;lunes;festivo
14/01/2014;2014;14;1;martes;dia_habil
15/01/2014;2014;15;1;miercoles;dia_habil
16/01/2014;2014;16;1;jueves;dia_habil
17/01/2014;2014;17;1;viernes;dia_habil
18/01/2014;2014;18;1;sabado;dia_habil
19/01/2014;2014;19;1;domingo;dia_habil
20/01/2014;2014;20;1;lunes;dia_habil
21/01/2014;2014;21;1;martes;dia_habil
22/01/2014;2014;22;1;miercoles;dia_habil
23/01/2014;2014;23;1;jueves;dia_habil
24/01/2014;2014;24;1;viernes;dia_habil
25/01/2014;2014;25;1;sabado;dia_habil
26/01/2014;2014;26;1;domingo;dia_habil
27/01/2014;2014;27;1;lunes;dia_habil
28/01/2014;2014;28;1;martes;dia_habil
29/01/2014;2014;29;1;miercoles;dia_habil
30/01/2014;2014;30;1;jueves;dia_habil
31/01/2014;2014;31;1;viernes;dia_habil
1/02/2014;2014;1;2;sabado;dia_habil
2/02/2014;2014;2;2;domingo;dia_habil
3/02/2014;2014;3;2;lunes;dia_habil
4/02/2014;2014;4;2;martes;dia_habil
5/02/2014;2014;5;2;miercoles;dia_habil
6/02/2014;2014;6;2;jueves;dia_habil
7/02/2014;2014;7;2;viernes;dia_habil
8/02/2014;2014;8;2;sabado;dia_habil
9/02/2014;2014;9;2;domingo;dia_habil
10/02/2014;2014;10;2;lunes;dia_habil
11/02/2014;2014;11;2;martes;dia_habil
12/02/2014;2014;12;2;miercoles;dia_habil
13/02/2014;2014;13;2;jueves;dia_habil
14/02/2014;2014;14;2;viernes;dia_habil
15/02/2014;2014;15;2;sabado;dia_habil
16/02/2014;2014;16;2;domingo;dia_habil
17/02/2014;2014;17;2;lunes;dia_habil
18/02/2014;2014;18;2;martes;dia_habil
19/02/2014;2014;19;2;miercoles;dia_habil
20/02/2014;2014;20;2;jueves;dia_habil
21/02/2014;2014;21;2;viernes;dia_habil
22/02/2014;2014;22;2;sabado;dia_habil
23/02/2014;2014;23;2;domingo;dia_habil
24/02/2014;2014;24;2;lunes;dia_habil
25/02/2014;2014;25;2;martes;dia_habil
26/02/2014;2014;26;2;miercoles;dia_habil
27/02/2014;2014;27;2;jueves;dia_habil
28/02/2014;2014;28;2;viernes;dia_habil
1/03/2014;2014;1;3;sabado;dia_habil
2/03/2014;2014;2;3;domingo;dia_habil
3/03/2014;2014;3;3;lunes;dia_habil
4/03/2014;2014;4;3;martes;dia_habil
5/03/2014;2014;5;3;miercoles;dia_habil
6/03/2014;2014;6;3;jueves;dia_habil
7/03/2014;2014;7;3;viernes;dia_habil
8/03/2014;2014;8;3;sabado;dia_habil
9/03/2014;2014;9;3;domingo;dia_habil
10/03/2014;2014;10;3;lunes;dia_habil
11/03/2014;2014;11;3;martes;dia_habil
12/03/2014;2014;12;3;miercoles;dia_habil
13/03/2014;2014;13;3;jueves;dia_habil
14/03/2014;2014;14;3;viernes;dia_habil
15/03/2014;2014;15;3;sabado;dia_habil
16/03/2014;2014;16;3;domingo;dia_habil
17/03/2014;2014;17;3;lunes;dia_habil
18/03/2014;2014;18;3;martes;dia_habil
19/03/2014;2014;19;3;miercoles;dia_habil
20/03/2014;2014;20;3;jueves;dia_habil
21/03/2014;2014;21;3;viernes;dia_habil
22/03/2014;2014;22;3;sabado;dia_habil
23/03/2014;2014;23;3;domingo;dia_habil
24/03/2014;2014;24;3;lunes;festivo
25/03/2014;2014;25;3;martes;dia_habil
26/03/2014;2014;26;3;miercoles;dia_habil
27/03/2014;2014;27;3;jueves;dia_habil
28/03/2014;2014;28;3;viernes;dia_habil
29/03/2014;2014;29;3;sabado;dia_habil
30/03/2014;2014;30;3;domingo;dia_habil
31/03/2014;2014;31;3;lunes;dia_habil
1/04/2014;2014;1;4;martes;dia_habil
2/04/2014;2014;2;4;miercoles;dia_habil
3/04/2014;2014;3;4;jueves;dia_habil
4/04/2014;2014;4;4;viernes;dia_habil
5/04/2014;2014;5;4;sabado;dia_habil
6/04/2014;2014;6;4;domingo;dia_habil
7/04/2014;2014;7;4;lunes;dia_habil
8/04/2014;2014;8;4;martes;dia_habil
9/04/2014;2014;9;4;miercoles;dia_habil
10/04/2014;2014;10;4;jueves;dia_habil
11/04/2014;2014;11;4;viernes;dia_habil
12/04/2014;2014;12;4;sabado;dia_habil
13/04/2014;2014;13;4;domingo;sem_santa
14/04/2014;2014;14;4;lunes;sem_santa
15/04/2014;2014;15;4;martes;sem_santa
16/04/2014;2014;16;4;miercoles;sem_santa
17/04/2014;2014;17;4;jueves;sem_santa
18/04/2014;2014;18;4;viernes;sem_santa
19/04/2014;2014;19;4;sabado;sem_santa
20/04/2014;2014;20;4;domingo;dia_habil
21/04/2014;2014;21;4;lunes;dia_habil
22/04/2014;2014;22;4;martes;dia_habil
23/04/2014;2014;23;4;miercoles;dia_habil
24/04/2014;2014;24;4;jueves;dia_habil
25/04/2014;2014;25;4;viernes;dia_habil
26/04/2014;2014;26;4;sabado;dia_habil
27/04/2014;2014;27;4;domingo;dia_habil
28/04/2014;2014;28;4;lunes;dia_habil
29/04/2014;2014;29;4;martes;dia_habil
30/04/2014;2014;30;4;miercoles;dia_habil
1/05/2014;2014;1;5;jueves;festivo
2/05/2014;2014;2;5;viernes;dia_habil
3/05/2014;2014;3;5;sabado;dia_habil
4/05/2014;2014;4;5;domingo;dia_habil
5/05/2014;2014;5;5;lunes;dia_habil
6/05/2014;2014;6;5;martes;dia_habil
7/05/2014;2014;7;5;miercoles;dia_habil
8/05/2014;2014;8;5;jueves;dia_habil
9/05/2014;2014;9;5;viernes;dia_habil
10/05/2014;2014;10;5;sabado;dia_habil
11/05/2014;2014;11;5;domingo;madres
12/05/2014;2014;12;5;lunes;dia_habil
13/05/2014;2014;13;5;martes;dia_habil
14/05/2014;2014;14;5;miercoles;dia_habil
15/05/2014;2014;15;5;jueves;dia_habil
16/05/2014;2014;16;5;viernes;dia_habil
17/05/2014;2014;17;5;sabado;dia_habil
18/05/2014;2014;18;5;domingo;dia_habil
19/05/2014;2014;19;5;lunes;dia_habil
20/05/2014;2014;20;5;martes;dia_habil
21/05/2014;2014;21;5;miercoles;dia_habil
22/05/2014;2014;22;5;jueves;dia_habil
23/05/2014;2014;23;5;viernes;dia_habil
24/05/2014;2014;24;5;sabado;dia_habil
25/05/2014;2014;25;5;domingo;dia_habil
26/05/2014;2014;26;5;lunes;dia_habil
27/05/2014;2014;27;5;martes;dia_habil
28/05/2014;2014;28;5;miercoles;dia_habil
29/05/2014;2014;29;5;jueves;dia_habil
30/05/2014;2014;30;5;viernes;dia_habil
31/05/2014;2014;31;5;sabado;dia_habil
1/06/2014;2014;1;6;domingo;dia_habil
2/06/2014;2014;2;6;lunes;festivo
3/06/2014;2014;3;6;martes;dia_habil
4/06/2014;2014;4;6;miercoles;dia_habil
5/06/2014;2014;5;6;jueves;dia_habil
6/06/2014;2014;6;6;viernes;dia_habil
7/06/2014;2014;7;6;sabado;dia_habil
8/06/2014;2014;8;6;domingo;dia_habil
9/06/2014;2014;9;6;lunes;dia_habil
10/06/2014;2014;10;6;martes;dia_habil
11/06/2014;2014;11;6;miercoles;dia_habil
12/06/2014;2014;12;6;jueves;dia_habil
13/06/2014;2014;13;6;viernes;dia_habil
14/06/2014;2014;14;6;sabado;dia_habil
15/06/2014;2014;15;6;domingo;dia_habil
16/06/2014;2014;16;6;lunes;dia_habil
17/06/2014;2014;17;6;martes;dia_habil
18/06/2014;2014;18;6;miercoles;dia_habil
19/06/2014;2014;19;6;jueves;dia_habil
20/06/2014;2014;20;6;viernes;dia_habil
21/06/2014;2014;21;6;sabado;dia_habil
22/06/2014;2014;22;6;domingo;dia_habil
23/06/2014;2014;23;6;lunes;festivo
24/06/2014;2014;24;6;martes;dia_habil
25/06/2014;2014;25;6;miercoles;dia_habil
26/06/2014;2014;26;6;jueves;dia_habil
27/06/2014;2014;27;6;viernes;dia_habil
28/06/2014;2014;28;6;sabado;dia_habil
29/06/2014;2014;29;6;domingo;dia_habil
30/06/2014;2014;30;6;lunes;festivo
1/07/2014;2014;1;7;martes;dia_habil
2/07/2014;2014;2;7;miercoles;dia_habil
3/07/2014;2014;3;7;jueves;dia_habil
4/07/2014;2014;4;7;viernes;dia_habil
5/07/2014;2014;5;7;sabado;dia_habil
6/07/2014;2014;6;7;domingo;dia_habil
7/07/2014;2014;7;7;lunes;dia_habil
8/07/2014;2014;8;7;martes;dia_habil
9/07/2014;2014;9;7;miercoles;dia_habil
10/07/2014;2014;10;7;jueves;dia_habil
11/07/2014;2014;11;7;viernes;dia_habil
12/07/2014;2014;12;7;sabado;dia_habil
13/07/2014;2014;13;7;domingo;dia_habil
14/07/2014;2014;14;7;lunes;dia_habil
15/07/2014;2014;15;7;martes;dia_habil
16/07/2014;2014;16;7;miercoles;dia_habil
17/07/2014;2014;17;7;jueves;dia_habil
18/07/2014;2014;18;7;viernes;dia_habil
19/07/2014;2014;19;7;sabado;dia_habil
20/07/2014;2014;20;7;domingo;festivo
21/07/2014;2014;21;7;lunes;dia_habil
22/07/2014;2014;22;7;martes;dia_habil
23/07/2014;2014;23;7;miercoles;dia_habil
24/07/2014;2014;24;7;jueves;dia_habil
25/07/2014;2014;25;7;viernes;dia_habil
26/07/2014;2014;26;7;sabado;dia_habil
27/07/2014;2014;27;7;domingo;dia_habil
28/07/2014;2014;28;7;lunes;dia_habil
29/07/2014;2014;29;7;martes;dia_habil
30/07/2014;2014;30;7;miercoles;dia_habil
31/07/2014;2014;31;7;jueves;dia_habil
1/08/2014;2014;1;8;viernes;dia_habil
2/08/2014;2014;2;8;sabado;dia_habil
3/08/2014;2014;3;8;domingo;dia_habil
4/08/2014;2014;4;8;lunes;dia_habil
5/08/2014;2014;5;8;martes;dia_habil
6/08/2014;2014;6;8;miercoles;dia_habil
7/08/2014;2014;7;8;jueves;festivo
8/08/2014;2014;8;8;viernes;dia_habil
9/08/2014;2014;9;8;sabado;dia_habil
10/08/2014;2014;10;8;domingo;dia_habil
11/08/2014;2014;11;8;lunes;dia_habil
12/08/2014;2014;12;8;martes;dia_habil
13/08/2014;2014;13;8;miercoles;dia_habil
14/08/2014;2014;14;8;jueves;dia_habil
15/08/2014;2014;15;8;viernes;dia_habil
16/08/2014;2014;16;8;sabado;dia_habil
17/08/2014;2014;17;8;domingo;dia_habil
18/08/2014;2014;18;8;lunes;festivo
19/08/2014;2014;19;8;martes;dia_habil
20/08/2014;2014;20;8;miercoles;dia_habil
21/08/2014;2014;21;8;jueves;dia_habil
22/08/2014;2014;22;8;viernes;dia_habil
23/08/2014;2014;23;8;sabado;dia_habil
24/08/2014;2014;24;8;domingo;dia_habil
25/08/2014;2014;25;8;lunes;dia_habil
26/08/2014;2014;26;8;martes;dia_habil
27/08/2014;2014;27;8;miercoles;dia_habil
28/08/2014;2014;28;8;jueves;dia_habil
29/08/2014;2014;29;8;viernes;dia_habil
30/08/2014;2014;30;8;sabado;dia_habil
31/08/2014;2014;31;8;domingo;dia_habil
1/09/2014;2014;1;9;lunes;dia_habil
2/09/2014;2014;2;9;martes;dia_habil
3/09/2014;2014;3;9;miercoles;dia_habil
4/09/2014;2014;4;9;jueves;dia_habil
5/09/2014;2014;5;9;viernes;dia_habil
6/09/2014;2014;6;9;sabado;dia_habil
7/09/2014;2014;7;9;domingo;dia_habil
8/09/2014;2014;8;9;lunes;dia_habil
9/09/2014;2014;9;9;martes;dia_habil
10/09/2014;2014;10;9;miercoles;dia_habil
11/09/2014;2014;11;9;jueves;dia_habil
12/09/2014;2014;12;9;viernes;dia_habil
13/09/2014;2014;13;9;sabado;dia_habil
14/09/2014;2014;14;9;domingo;dia_habil
15/09/2014;2014;15;9;lunes;dia_habil
16/09/2014;2014;16;9;martes;dia_habil
17/09/2014;2014;17;9;miercoles;dia_habil
18/09/2014;2014;18;9;jueves;dia_habil
19/09/2014;2014;19;9;viernes;dia_habil
20/09/2014;2014;20;9;sabado;dia_habil
21/09/2014;2014;21;9;domingo;dia_habil
22/09/2014;2014;22;9;lunes;dia_habil
23/09/2014;2014;23;9;martes;dia_habil
24/09/2014;2014;24;9;miercoles;dia_habil
25/09/2014;2014;25;9;jueves;dia_habil
26/09/2014;2014;26;9;viernes;dia_habil
27/09/2014;2014;27;9;sabado;dia_habil
28/09/2014;2014;28;9;domingo;dia_habil
29/09/2014;2014;29;9;lunes;dia_habil
30/09/2014;2014;30;9;martes;dia_habil
1/10/2014;2014;1;10;miercoles;dia_habil
2/10/2014;2014;2;10;jueves;dia_habil
3/10/2014;2014;3;10;viernes;dia_habil
4/10/2014;2014;4;10;sabado;dia_habil
5/10/2014;2014;5;10;domingo;dia_habil
6/10/2014;2014;6;10;lunes;dia_habil
7/10/2014;2014;7;10;martes;dia_habil
8/10/2014;2014;8;10;miercoles;dia_habil
9/10/2014;2014;9;10;jueves;dia_habil
10/10/2014;2014;10;10;viernes;dia_habil
11/10/2014;2014;11;10;sabado;dia_habil
12/10/2014;2014;12;10;domingo;dia_habil
13/10/2014;2014;13;10;lunes;festivo
14/10/2014;2014;14;10;martes;dia_habil
15/10/2014;2014;15;10;miercoles;dia_habil
16/10/2014;2014;16;10;jueves;dia_habil
17/10/2014;2014;17;10;viernes;dia_habil
18/10/2014;2014;18;10;sabado;dia_habil
19/10/2014;2014;19;10;domingo;dia_habil
20/10/2014;2014;20;10;lunes;dia_habil
21/10/2014;2014;21;10;martes;dia_habil
22/10/2014;2014;22;10;miercoles;dia_habil
23/10/2014;2014;23;10;jueves;dia_habil
24/10/2014;2014;24;10;viernes;dia_habil
25/10/2014;2014;25;10;sabado;dia_habil
26/10/2014;2014;26;10;domingo;dia_habil
27/10/2014;2014;27;10;lunes;dia_habil
28/10/2014;2014;28;10;martes;dia_habil
29/10/2014;2014;29;10;miercoles;dia_habil
30/10/2014;2014;30;10;jueves;dia_habil
31/10/2014;2014;31;10;viernes;brujas
1/11/2014;2014;1;11;sabado;dia_habil
2/11/2014;2014;2;11;domingo;dia_habil
3/11/2014;2014;3;11;lunes;festivo
4/11/2014;2014;4;11;martes;dia_habil
5/11/2014;2014;5;11;miercoles;dia_habil
6/11/2014;2014;6;11;jueves;dia_habil
7/11/2014;2014;7;11;viernes;dia_habil
8/11/2014;2014;8;11;sabado;dia_habil
9/11/2014;2014;9;11;domingo;dia_habil
10/11/2014;2014;10;11;lunes;dia_habil
11/11/2014;2014;11;11;martes;dia_habil
12/11/2014;2014;12;11;miercoles;dia_habil
13/11/2014;2014;13;11;jueves;dia_habil
14/11/2014;2014;14;11;viernes;dia_habil
15/11/2014;2014;15;11;sabado;dia_habil
16/11/2014;2014;16;11;domingo;dia_habil
17/11/2014;2014;17;11;lunes;festivo
18/11/2014;2014;18;11;martes;dia_habil
19/11/2014;2014;19;11;miercoles;dia_habil
20/11/2014;2014;20;11;jueves;dia_habil
21/11/2014;2014;21;11;viernes;dia_habil
22/11/2014;2014;22;11;sabado;dia_habil
23/11/2014;2014;23;11;domingo;dia_habil
24/11/2014;2014;24;11;lunes;dia_habil
25/11/2014;2014;25;11;martes;dia_habil
26/11/2014;2014;26;11;miercoles;dia_habil
27/11/2014;2014;27;11;jueves;dia_habil
28/11/2014;2014;28;11;viernes;dia_habil
29/11/2014;2014;29;11;sabado;dia_habil
30/11/2014;2014;30;11;domingo;dia_habil
1/12/2014;2014;1;12;lunes;dia_habil
2/12/2014;2014;2;12;martes;dia_habil
3/12/2014;2014;3;12;miercoles;dia_habil
4/12/2014;2014;4;12;jueves;dia_habil
5/12/2014;2014;5;12;viernes;dia_habil
6/12/2014;2014;6;12;sabado;dia_habil
7/12/2014;2014;7;12;domingo;dia_habil
8/12/2014;2014;8;12;lunes;festivo
9/12/2014;2014;9;12;martes;dia_habil
10/12/2014;2014;10;12;miercoles;dia_habil
11/12/2014;2014;11;12;jueves;dia_habil
12/12/2014;2014;12;12;viernes;dia_habil
13/12/2014;2014;13;12;sabado;dia_habil
14/12/2014;2014;14;12;domingo;dia_habil
15/12/2014;2014;15;12;lunes;dia_habil
16/12/2014;2014;16;12;martes;dia_habil
17/12/2014;2014;17;12;miercoles;dia_habil
18/12/2014;2014;18;12;jueves;dia_habil
19/12/2014;2014;19;12;viernes;dia_habil
20/12/2014;2014;20;12;sabado;dia_habil
21/12/2014;2014;21;12;domingo;dia_habil
22/12/2014;2014;22;12;lunes;dia_habil
23/12/2014;2014;23;12;martes;dia_habil
24/12/2014;2014;24;12;miercoles;dia_habil
25/12/2014;2014;25;12;jueves;navidad
26/12/2014;2014;26;12;viernes;dia_habil
27/12/2014;2014;27;12;sabado;dia_habil
28/12/2014;2014;28;12;domingo;dia_habil
29/12/2014;2014;29;12;lunes;dia_habil
30/12/2014;2014;30;12;martes;dia_habil
31/12/2014;2014;31;12;miercoles;a_viejo
1/01/2015;2015;1;1;jueves;a_nuevo
2/01/2015;2015;2;1;viernes;dia_habil
3/01/2015;2015;3;1;sabado;dia_habil
4/01/2015;2015;4;1;domingo;dia_habil
5/01/2015;2015;5;1;lunes;dia_habil
6/01/2015;2015;6;1;martes;dia_habil
7/01/2015;2015;7;1;miercoles;dia_habil
8/01/2015;2015;8;1;jueves;dia_habil
9/01/2015;2015;9;1;viernes;dia_habil
10/01/2015;2015;10;1;sabado;dia_habil
11/01/2015;2015;11;1;domingo;dia_habil
12/01/2015;2015;12;1;lunes;festivo
13/01/2015;2015;13;1;martes;dia_habil
14/01/2015;2015;14;1;miercoles;dia_habil
15/01/2015;2015;15;1;jueves;dia_habil
16/01/2015;2015;16;1;viernes;dia_habil
17/01/2015;2015;17;1;sabado;dia_habil
18/01/2015;2015;18;1;domingo;dia_habil
19/01/2015;2015;19;1;lunes;dia_habil
20/01/2015;2015;20;1;martes;dia_habil
21/01/2015;2015;21;1;miercoles;dia_habil
22/01/2015;2015;22;1;jueves;dia_habil
23/01/2015;2015;23;1;viernes;dia_habil
24/01/2015;2015;24;1;sabado;dia_habil
25/01/2015;2015;25;1;domingo;dia_habil
26/01/2015;2015;26;1;lunes;dia_habil
27/01/2015;2015;27;1;martes;dia_habil
28/01/2015;2015;28;1;miercoles;dia_habil
29/01/2015;2015;29;1;jueves;dia_habil
30/01/2015;2015;30;1;viernes;dia_habil
31/01/2015;2015;31;1;sabado;dia_habil
1/02/2015;2015;1;2;domingo;dia_habil
2/02/2015;2015;2;2;lunes;dia_habil
3/02/2015;2015;3;2;martes;dia_habil
4/02/2015;2015;4;2;miercoles;dia_habil
5/02/2015;2015;5;2;jueves;dia_habil
6/02/2015;2015;6;2;viernes;dia_habil
7/02/2015;2015;7;2;sabado;dia_habil
8/02/2015;2015;8;2;domingo;dia_habil
9/02/2015;2015;9;2;lunes;dia_habil
10/02/2015;2015;10;2;martes;dia_habil
11/02/2015;2015;11;2;miercoles;dia_habil
12/02/2015;2015;12;2;jueves;dia_habil
13/02/2015;2015;13;2;viernes;dia_habil
14/02/2015;2015;14;2;sabado;dia_habil
15/02/2015;2015;15;2;domingo;dia_habil
16/02/2015;2015;16;2;lunes;festivo
17/02/2015;2015;17;2;martes;dia_habil
18/02/2015;2015;18;2;miercoles;dia_habil
19/02/2015;2015;19;2;jueves;dia_habil
20/02/2015;2015;20;2;viernes;dia_habil
21/02/2015;2015;21;2;sabado;dia_habil
22/02/2015;2015;22;2;domingo;dia_habil
23/02/2015;2015;23;2;lunes;dia_habil
24/02/2015;2015;24;2;martes;dia_habil
25/02/2015;2015;25;2;miercoles;dia_habil
26/02/2015;2015;26;2;jueves;dia_habil
27/02/2015;2015;27;2;viernes;dia_habil
28/02/2015;2015;28;2;sabado;dia_habil
1/03/2015;2015;1;3;domingo;dia_habil
2/03/2015;2015;2;3;lunes;dia_habil
3/03/2015;2015;3;3;martes;dia_habil
4/03/2015;2015;4;3;miercoles;dia_habil
5/03/2015;2015;5;3;jueves;dia_habil
6/03/2015;2015;6;3;viernes;dia_habil
7/03/2015;2015;7;3;sabado;dia_habil
8/03/2015;2015;8;3;domingo;dia_habil
9/03/2015;2015;9;3;lunes;dia_habil
10/03/2015;2015;10;3;martes;dia_habil
11/03/2015;2015;11;3;miercoles;dia_habil
12/03/2015;2015;12;3;jueves;dia_habil
13/03/2015;2015;13;3;viernes;dia_habil
14/03/2015;2015;14;3;sabado;dia_habil
15/03/2015;2015;15;3;domingo;dia_habil
16/03/2015;2015;16;3;lunes;dia_habil
17/03/2015;2015;17;3;martes;dia_habil
18/03/2015;2015;18;3;miercoles;dia_habil
19/03/2015;2015;19;3;jueves;dia_habil
20/03/2015;2015;20;3;viernes;dia_habil
21/03/2015;2015;21;3;sabado;dia_habil
22/03/2015;2015;22;3;domingo;dia_habil
23/03/2015;2015;23;3;lunes;festivo
24/03/2015;2015;24;3;martes;dia_habil
25/03/2015;2015;25;3;miercoles;dia_habil
26/03/2015;2015;26;3;jueves;dia_habil
27/03/2015;2015;27;3;viernes;dia_habil
28/03/2015;2015;28;3;sabado;dia_habil
29/03/2015;2015;29;3;domingo;sem_santa
30/03/2015;2015;30;3;lunes;sem_santa
31/03/2015;2015;31;3;martes;sem_santa
1/04/2015;2015;1;4;miercoles;sem_santa
2/04/2015;2015;2;4;jueves;sem_santa
3/04/2015;2015;3;4;viernes;sem_santa
4/04/2015;2015;4;4;sabado;sem_santa
5/04/2015;2015;5;4;domingo;dia_habil
6/04/2015;2015;6;4;lunes;dia_habil
7/04/2015;2015;7;4;martes;dia_habil
8/04/2015;2015;8;4;miercoles;dia_habil
9/04/2015;2015;9;4;jueves;dia_habil
10/04/2015;2015;10;4;viernes;dia_habil
11/04/2015;2015;11;4;sabado;dia_habil
12/04/2015;2015;12;4;domingo;dia_habil
13/04/2015;2015;13;4;lunes;dia_habil
14/04/2015;2015;14;4;martes;dia_habil
15/04/2015;2015;15;4;miercoles;dia_habil
16/04/2015;2015;16;4;jueves;dia_habil
17/04/2015;2015;17;4;viernes;dia_habil
18/04/2015;2015;18;4;sabado;dia_habil
19/04/2015;2015;19;4;domingo;dia_habil
20/04/2015;2015;20;4;lunes;dia_habil
21/04/2015;2015;21;4;martes;dia_habil
22/04/2015;2015;22;4;miercoles;dia_habil
23/04/2015;2015;23;4;jueves;dia_habil
24/04/2015;2015;24;4;viernes;dia_habil
25/04/2015;2015;25;4;sabado;dia_habil
26/04/2015;2015;26;4;domingo;dia_habil
27/04/2015;2015;27;4;lunes;dia_habil
28/04/2015;2015;28;4;martes;dia_habil
29/04/2015;2015;29;4;miercoles;dia_habil
30/04/2015;2015;30;4;jueves;dia_habil
1/05/2015;2015;1;5;viernes;festivo
2/05/2015;2015;2;5;sabado;dia_habil
3/05/2015;2015;3;5;domingo;dia_habil
4/05/2015;2015;4;5;lunes;dia_habil
5/05/2015;2015;5;5;martes;dia_habil
6/05/2015;2015;6;5;miercoles;dia_habil
7/05/2015;2015;7;5;jueves;dia_habil
8/05/2015;2015;8;5;viernes;dia_habil
9/05/2015;2015;9;5;sabado;dia_habil
10/05/2015;2015;10;5;domingo;madres
11/05/2015;2015;11;5;lunes;dia_habil
12/05/2015;2015;12;5;martes;dia_habil
13/05/2015;2015;13;5;miercoles;dia_habil
14/05/2015;2015;14;5;jueves;dia_habil
15/05/2015;2015;15;5;viernes;dia_habil
16/05/2015;2015;16;5;sabado;dia_habil
17/05/2015;2015;17;5;domingo;dia_habil
18/05/2015;2015;18;5;lunes;festivo
19/05/2015;2015;19;5;martes;dia_habil
20/05/2015;2015;20;5;miercoles;dia_habil
21/05/2015;2015;21;5;jueves;dia_habil
22/05/2015;2015;22;5;viernes;dia_habil
23/05/2015;2015;23;5;sabado;dia_habil
24/05/2015;2015;24;5;domingo;dia_habil
25/05/2015;2015;25;5;lunes;dia_habil
26/05/2015;2015;26;5;martes;dia_habil
27/05/2015;2015;27;5;miercoles;dia_habil
28/05/2015;2015;28;5;jueves;dia_habil
29/05/2015;2015;29;5;viernes;dia_habil
30/05/2015;2015;30;5;sabado;dia_habil
31/05/2015;2015;31;5;domingo;dia_habil
1/06/2015;2015;1;6;lunes;dia_habil
2/06/2015;2015;2;6;martes;dia_habil
3/06/2015;2015;3;6;miercoles;dia_habil
4/06/2015;2015;4;6;jueves;dia_habil
5/06/2015;2015;5;6;viernes;dia_habil
6/06/2015;2015;6;6;sabado;dia_habil
7/06/2015;2015;7;6;domingo;dia_habil
8/06/2015;2015;8;6;lunes;festivo
9/06/2015;2015;9;6;martes;dia_habil
10/06/2015;2015;10;6;miercoles;dia_habil
11/06/2015;2015;11;6;jueves;dia_habil
12/06/2015;2015;12;6;viernes;dia_habil
13/06/2015;2015;13;6;sabado;dia_habil
14/06/2015;2015;14;6;domingo;dia_habil
15/06/2015;2015;15;6;lunes;festivo
16/06/2015;2015;16;6;martes;dia_habil
17/06/2015;2015;17;6;miercoles;dia_habil
18/06/2015;2015;18;6;jueves;dia_habil
19/06/2015;2015;19;6;viernes;dia_habil
20/06/2015;2015;20;6;sabado;dia_habil
21/06/2015;2015;21;6;domingo;dia_habil
22/06/2015;2015;22;6;lunes;dia_habil
23/06/2015;2015;23;6;martes;dia_habil
24/06/2015;2015;24;6;miercoles;dia_habil
25/06/2015;2015;25;6;jueves;dia_habil
26/06/2015;2015;26;6;viernes;dia_habil
27/06/2015;2015;27;6;sabado;dia_habil
28/06/2015;2015;28;6;domingo;dia_habil
29/06/2015;2015;29;6;lunes;festivo
30/06/2015;2015;30;6;martes;dia_habil
1/07/2015;2015;1;7;miercoles;dia_habil
2/07/2015;2015;2;7;jueves;dia_habil
3/07/2015;2015;3;7;viernes;dia_habil
4/07/2015;2015;4;7;sabado;dia_habil
5/07/2015;2015;5;7;domingo;dia_habil
6/07/2015;2015;6;7;lunes;dia_habil
7/07/2015;2015;7;7;martes;dia_habil
8/07/2015;2015;8;7;miercoles;dia_habil
9/07/2015;2015;9;7;jueves;dia_habil
10/07/2015;2015;10;7;viernes;dia_habil
11/07/2015;2015;11;7;sabado;dia_habil
12/07/2015;2015;12;7;domingo;dia_habil
13/07/2015;2015;13;7;lunes;dia_habil
14/07/2015;2015;14;7;martes;dia_habil
15/07/2015;2015;15;7;miercoles;dia_habil
16/07/2015;2015;16;7;jueves;dia_habil
17/07/2015;2015;17;7;viernes;dia_habil
18/07/2015;2015;18;7;sabado;dia_habil
19/07/2015;2015;19;7;domingo;dia_habil
20/07/2015;2015;20;7;lunes;festivo
21/07/2015;2015;21;7;martes;dia_habil
22/07/2015;2015;22;7;miercoles;dia_habil
23/07/2015;2015;23;7;jueves;dia_habil
24/07/2015;2015;24;7;viernes;dia_habil
25/07/2015;2015;25;7;sabado;dia_habil
26/07/2015;2015;26;7;domingo;dia_habil
27/07/2015;2015;27;7;lunes;dia_habil
28/07/2015;2015;28;7;martes;dia_habil
29/07/2015;2015;29;7;miercoles;dia_habil
30/07/2015;2015;30;7;jueves;dia_habil
31/07/2015;2015;31;7;viernes;dia_habil
1/08/2015;2015;1;8;sabado;dia_habil
2/08/2015;2015;2;8;domingo;dia_habil
3/08/2015;2015;3;8;lunes;dia_habil
4/08/2015;2015;4;8;martes;dia_habil
5/08/2015;2015;5;8;miercoles;dia_habil
6/08/2015;2015;6;8;jueves;dia_habil
7/08/2015;2015;7;8;viernes;festivo
8/08/2015;2015;8;8;sabado;dia_habil
9/08/2015;2015;9;8;domingo;dia_habil
10/08/2015;2015;10;8;lunes;dia_habil
11/08/2015;2015;11;8;martes;dia_habil
12/08/2015;2015;12;8;miercoles;dia_habil
13/08/2015;2015;13;8;jueves;dia_habil
14/08/2015;2015;14;8;viernes;dia_habil
15/08/2015;2015;15;8;sabado;dia_habil
16/08/2015;2015;16;8;domingo;dia_habil
17/08/2015;2015;17;8;lunes;festivo
18/08/2015;2015;18;8;martes;dia_habil
19/08/2015;2015;19;8;miercoles;dia_habil
20/08/2015;2015;20;8;jueves;dia_habil
21/08/2015;2015;21;8;viernes;dia_habil
22/08/2015;2015;22;8;sabado;dia_habil
23/08/2015;2015;23;8;domingo;dia_habil
24/08/2015;2015;24;8;lunes;dia_habil
25/08/2015;2015;25;8;martes;dia_habil
26/08/2015;2015;26;8;miercoles;dia_habil
27/08/2015;2015;27;8;jueves;dia_habil
28/08/2015;2015;28;8;viernes;dia_habil
29/08/2015;2015;29;8;sabado;dia_habil
30/08/2015;2015;30;8;domingo;dia_habil
31/08/2015;2015;31;8;lunes;dia_habil
1/09/2015;2015;1;9;martes;dia_habil
2/09/2015;2015;2;9;miercoles;dia_habil
3/09/2015;2015;3;9;jueves;dia_habil
4/09/2015;2015;4;9;viernes;dia_habil
5/09/2015;2015;5;9;sabado;dia_habil
6/09/2015;2015;6;9;domingo;dia_habil
7/09/2015;2015;7;9;lunes;dia_habil
8/09/2015;2015;8;9;martes;dia_habil
9/09/2015;2015;9;9;miercoles;dia_habil
10/09/2015;2015;10;9;jueves;dia_habil
11/09/2015;2015;11;9;viernes;dia_habil
12/09/2015;2015;12;9;sabado;dia_habil
13/09/2015;2015;13;9;domingo;dia_habil
14/09/2015;2015;14;9;lunes;dia_habil
15/09/2015;2015;15;9;martes;dia_habil
16/09/2015;2015;16;9;miercoles;dia_habil
17/09/2015;2015;17;9;jueves;dia_habil
18/09/2015;2015;18;9;viernes;dia_habil
19/09/2015;2015;19;9;sabado;dia_habil
20/09/2015;2015;20;9;domingo;dia_habil
21/09/2015;2015;21;9;lunes;dia_habil
22/09/2015;2015;22;9;martes;dia_habil
23/09/2015;2015;23;9;miercoles;dia_habil
24/09/2015;2015;24;9;jueves;dia_habil
25/09/2015;2015;25;9;viernes;dia_habil
26/09/2015;2015;26;9;sabado;dia_habil
27/09/2015;2015;27;9;domingo;dia_habil
28/09/2015;2015;28;9;lunes;dia_habil
29/09/2015;2015;29;9;martes;dia_habil
30/09/2015;2015;30;9;miercoles;dia_habil
1/10/2015;2015;1;10;jueves;dia_habil
2/10/2015;2015;2;10;viernes;dia_habil
3/10/2015;2015;3;10;sabado;dia_habil
4/10/2015;2015;4;10;domingo;dia_habil
5/10/2015;2015;5;10;lunes;dia_habil
6/10/2015;2015;6;10;martes;dia_habil
7/10/2015;2015;7;10;miercoles;dia_habil
8/10/2015;2015;8;10;jueves;dia_habil
9/10/2015;2015;9;10;viernes;dia_habil
10/10/2015;2015;10;10;sabado;dia_habil
11/10/2015;2015;11;10;domingo;dia_habil
12/10/2015;2015;12;10;lunes;festivo
13/10/2015;2015;13;10;martes;dia_habil
14/10/2015;2015;14;10;miercoles;dia_habil
15/10/2015;2015;15;10;jueves;dia_habil
16/10/2015;2015;16;10;viernes;dia_habil
17/10/2015;2015;17;10;sabado;dia_habil
18/10/2015;2015;18;10;domingo;dia_habil
19/10/2015;2015;19;10;lunes;dia_habil
20/10/2015;2015;20;10;martes;dia_habil
21/10/2015;2015;21;10;miercoles;dia_habil
22/10/2015;2015;22;10;jueves;dia_habil
23/10/2015;2015;23;10;viernes;dia_habil
24/10/2015;2015;24;10;sabado;dia_habil
25/10/2015;2015;25;10;domingo;dia_habil
26/10/2015;2015;26;10;lunes;dia_habil
27/10/2015;2015;27;10;martes;dia_habil
28/10/2015;2015;28;10;miercoles;dia_habil
29/10/2015;2015;29;10;jueves;dia_habil
30/10/2015;2015;30;10;viernes;dia_habil
31/10/2015;2015;31;10;sabado;brujas
1/11/2015;2015;1;11;domingo;dia_habil
2/11/2015;2015;2;11;lunes;festivo
3/11/2015;2015;3;11;martes;dia_habil
4/11/2015;2015;4;11;miercoles;dia_habil
5/11/2015;2015;5;11;jueves;dia_habil
6/11/2015;2015;6;11;viernes;dia_habil
7/11/2015;2015;7;11;sabado;dia_habil
8/11/2015;2015;8;11;domingo;dia_habil
9/11/2015;2015;9;11;lunes;dia_habil
10/11/2015;2015;10;11;martes;dia_habil
11/11/2015;2015;11;11;miercoles;dia_habil
12/11/2015;2015;12;11;jueves;dia_habil
13/11/2015;2015;13;11;viernes;dia_habil
14/11/2015;2015;14;11;sabado;dia_habil
15/11/2015;2015;15;11;domingo;dia_habil
16/11/2015;2015;16;11;lunes;festivo
17/11/2015;2015;17;11;martes;dia_habil
18/11/2015;2015;18;11;miercoles;dia_habil
19/11/2015;2015;19;11;jueves;dia_habil
20/11/2015;2015;20;11;viernes;dia_habil
21/11/2015;2015;21;11;sabado;dia_habil
22/11/2015;2015;22;11;domingo;dia_habil
23/11/2015;2015;23;11;lunes;dia_habil
24/11/2015;2015;24;11;martes;dia_habil
25/11/2015;2015;25;11;miercoles;dia_habil
26/11/2015;2015;26;11;jueves;dia_habil
27/11/2015;2015;27;11;viernes;dia_habil
28/11/2015;2015;28;11;sabado;dia_habil
29/11/2015;2015;29;11;domingo;dia_habil
30/11/2015;2015;30;11;lunes;dia_habil
1/12/2015;2015;1;12;martes;dia_habil
2/12/2015;2015;2;12;miercoles;dia_habil
3/12/2015;2015;3;12;jueves;dia_habil
4/12/2015;2015;4;12;viernes;dia_habil
5/12/2015;2015;5;12;sabado;dia_habil
6/12/2015;2015;6;12;domingo;dia_habil
7/12/2015;2015;7;12;lunes;dia_habil
8/12/2015;2015;8;12;martes;festivo
9/12/2015;2015;9;12;miercoles;dia_habil
10/12/2015;2015;10;12;jueves;dia_habil
11/12/2015;2015;11;12;viernes;dia_habil
12/12/2015;2015;12;12;sabado;dia_habil
13/12/2015;2015;13;12;domingo;dia_habil
14/12/2015;2015;14;12;lunes;dia_habil
15/12/2015;2015;15;12;martes;dia_habil
16/12/2015;2015;16;12;miercoles;dia_habil
17/12/2015;2015;17;12;jueves;dia_habil
18/12/2015;2015;18;12;viernes;dia_habil
19/12/2015;2015;19;12;sabado;dia_habil
20/12/2015;2015;20;12;domingo;dia_habil
21/12/2015;2015;21;12;lunes;dia_habil
22/12/2015;2015;22;12;martes;dia_habil
23/12/2015;2015;23;12;miercoles;dia_habil
24/12/2015;2015;24;12;jueves;dia_habil
25/12/2015;2015;25;12;viernes;navidad
26/12/2015;2015;26;12;sabado;dia_habil
27/12/2015;2015;27;12;domingo;dia_habil
28/12/2015;2015;28;12;lunes;dia_habil
29/12/2015;2015;29;12;martes;dia_habil
30/12/2015;2015;30;12;miercoles;dia_habil
31/12/2015;2015;31;12;jueves;a_viejo
1/01/2016;2016;1;1;viernes;a_nuevo
2/01/2016;2016;2;1;sabado;dia_habil
3/01/2016;2016;3;1;domingo;dia_habil
4/01/2016;2016;4;1;lunes;dia_habil
5/01/2016;2016;5;1;martes;dia_habil
6/01/2016;2016;6;1;miercoles;dia_habil
7/01/2016;2016;7;1;jueves;dia_habil
8/01/2016;2016;8;1;viernes;dia_habil
9/01/2016;2016;9;1;sabado;dia_habil
10/01/2016;2016;10;1;domingo;dia_habil
11/01/2016;2016;11;1;lunes;festivo
12/01/2016;2016;12;1;martes;dia_habil
13/01/2016;2016;13;1;miercoles;dia_habil
14/01/2016;2016;14;1;jueves;dia_habil
15/01/2016;2016;15;1;viernes;dia_habil
16/01/2016;2016;16;1;sabado;dia_habil
17/01/2016;2016;17;1;domingo;dia_habil
18/01/2016;2016;18;1;lunes;dia_habil
19/01/2016;2016;19;1;martes;dia_habil
20/01/2016;2016;20;1;miercoles;dia_habil
21/01/2016;2016;21;1;jueves;dia_habil
22/01/2016;2016;22;1;viernes;dia_habil
23/01/2016;2016;23;1;sabado;dia_habil
24/01/2016;2016;24;1;domingo;dia_habil
25/01/2016;2016;25;1;lunes;dia_habil
26/01/2016;2016;26;1;martes;dia_habil
27/01/2016;2016;27;1;miercoles;dia_habil
28/01/2016;2016;28;1;jueves;dia_habil
29/01/2016;2016;29;1;viernes;dia_habil
30/01/2016;2016;30;1;sabado;dia_habil
31/01/2016;2016;31;1;domingo;dia_habil
1/02/2016;2016;1;2;lunes;dia_habil
2/02/2016;2016;2;2;martes;dia_habil
3/02/2016;2016;3;2;miercoles;dia_habil
4/02/2016;2016;4;2;jueves;dia_habil
5/02/2016;2016;5;2;viernes;dia_habil
6/02/2016;2016;6;2;sabado;dia_habil
7/02/2016;2016;7;2;domingo;dia_habil
8/02/2016;2016;8;2;lunes;festivo
9/02/2016;2016;9;2;martes;dia_habil
10/02/2016;2016;10;2;miercoles;dia_habil
11/02/2016;2016;11;2;jueves;dia_habil
12/02/2016;2016;12;2;viernes;dia_habil
13/02/2016;2016;13;2;sabado;dia_habil
14/02/2016;2016;14;2;domingo;dia_habil
15/02/2016;2016;15;2;lunes;dia_habil
16/02/2016;2016;16;2;martes;dia_habil
17/02/2016;2016;17;2;miercoles;dia_habil
18/02/2016;2016;18;2;jueves;dia_habil
19/02/2016;2016;19;2;viernes;dia_habil
20/02/2016;2016;20;2;sabado;dia_habil
21/02/2016;2016;21;2;domingo;dia_habil
22/02/2016;2016;22;2;lunes;dia_habil
23/02/2016;2016;23;2;martes;dia_habil
24/02/2016;2016;24;2;miercoles;dia_habil
25/02/2016;2016;25;2;jueves;dia_habil
26/02/2016;2016;26;2;viernes;dia_habil
27/02/2016;2016;27;2;sabado;dia_habil
28/02/2016;2016;28;2;domingo;dia_habil
29/02/2016;2016;29;2;lunes;dia_habil
1/03/2016;2016;1;3;martes;dia_habil
2/03/2016;2016;2;3;miercoles;dia_habil
3/03/2016;2016;3;3;jueves;dia_habil
4/03/2016;2016;4;3;viernes;dia_habil
5/03/2016;2016;5;3;sabado;dia_habil
6/03/2016;2016;6;3;domingo;dia_habil
7/03/2016;2016;7;3;lunes;dia_habil
8/03/2016;2016;8;3;martes;dia_habil
9/03/2016;2016;9;3;miercoles;dia_habil
10/03/2016;2016;10;3;jueves;dia_habil
11/03/2016;2016;11;3;viernes;dia_habil
12/03/2016;2016;12;3;sabado;dia_habil
13/03/2016;2016;13;3;domingo;dia_habil
14/03/2016;2016;14;3;lunes;dia_habil
15/03/2016;2016;15;3;martes;dia_habil
16/03/2016;2016;16;3;miercoles;dia_habil
17/03/2016;2016;17;3;jueves;dia_habil
18/03/2016;2016;18;3;viernes;dia_habil
19/03/2016;2016;19;3;sabado;dia_habil
20/03/2016;2016;20;3;domingo;sem_santa
21/03/2016;2016;21;3;lunes;sem_santa
22/03/2016;2016;22;3;martes;sem_santa
23/03/2016;2016;23;3;miercoles;sem_santa
24/03/2016;2016;24;3;jueves;sem_santa
25/03/2016;2016;25;3;viernes;sem_santa
26/03/2016;2016;26;3;sabado;sem_santa
27/03/2016;2016;27;3;domingo;dia_habil
28/03/2016;2016;28;3;lunes;dia_habil
29/03/2016;2016;29;3;martes;dia_habil
30/03/2016;2016;30;3;miercoles;dia_habil
31/03/2016;2016;31;3;jueves;dia_habil
1/04/2016;2016;1;4;viernes;dia_habil
2/04/2016;2016;2;4;sabado;dia_habil
3/04/2016;2016;3;4;domingo;dia_habil
4/04/2016;2016;4;4;lunes;dia_habil
5/04/2016;2016;5;4;martes;dia_habil
6/04/2016;2016;6;4;miercoles;dia_habil
7/04/2016;2016;7;4;jueves;dia_habil
8/04/2016;2016;8;4;viernes;dia_habil
9/04/2016;2016;9;4;sabado;dia_habil
10/04/2016;2016;10;4;domingo;dia_habil
11/04/2016;2016;11;4;lunes;dia_habil
12/04/2016;2016;12;4;martes;dia_habil
13/04/2016;2016;13;4;miercoles;dia_habil
14/04/2016;2016;14;4;jueves;dia_habil
15/04/2016;2016;15;4;viernes;dia_habil
16/04/2016;2016;16;4;sabado;dia_habil
17/04/2016;2016;17;4;domingo;dia_habil
18/04/2016;2016;18;4;lunes;dia_habil
19/04/2016;2016;19;4;martes;dia_habil
20/04/2016;2016;20;4;miercoles;dia_habil
21/04/2016;2016;21;4;jueves;dia_habil
22/04/2016;2016;22;4;viernes;dia_habil
23/04/2016;2016;23;4;sabado;dia_habil
24/04/2016;2016;24;4;domingo;dia_habil
25/04/2016;2016;25;4;lunes;dia_habil
26/04/2016;2016;26;4;martes;dia_habil
27/04/2016;2016;27;4;miercoles;dia_habil
28/04/2016;2016;28;4;jueves;dia_habil
29/04/2016;2016;29;4;viernes;dia_habil
30/04/2016;2016;30;4;sabado;dia_habil
1/05/2016;2016;1;5;domingo;festivo
2/05/2016;2016;2;5;lunes;dia_habil
3/05/2016;2016;3;5;martes;dia_habil
4/05/2016;2016;4;5;miercoles;dia_habil
5/05/2016;2016;5;5;jueves;dia_habil
6/05/2016;2016;6;5;viernes;dia_habil
7/05/2016;2016;7;5;sabado;dia_habil
8/05/2016;2016;8;5;domingo;madres
9/05/2016;2016;9;5;lunes;festivo
10/05/2016;2016;10;5;martes;dia_habil
11/05/2016;2016;11;5;miercoles;dia_habil
12/05/2016;2016;12;5;jueves;dia_habil
13/05/2016;2016;13;5;viernes;dia_habil
14/05/2016;2016;14;5;sabado;dia_habil
15/05/2016;2016;15;5;domingo;dia_habil
16/05/2016;2016;16;5;lunes;dia_habil
17/05/2016;2016;17;5;martes;dia_habil
18/05/2016;2016;18;5;miercoles;dia_habil
19/05/2016;2016;19;5;jueves;dia_habil
20/05/2016;2016;20;5;viernes;dia_habil
21/05/2016;2016;21;5;sabado;dia_habil
22/05/2016;2016;22;5;domingo;dia_habil
23/05/2016;2016;23;5;lunes;dia_habil
24/05/2016;2016;24;5;martes;dia_habil
25/05/2016;2016;25;5;miercoles;dia_habil
26/05/2016;2016;26;5;jueves;dia_habil
27/05/2016;2016;27;5;viernes;dia_habil
28/05/2016;2016;28;5;sabado;dia_habil
29/05/2016;2016;29;5;domingo;dia_habil
30/05/2016;2016;30;5;lunes;festivo
31/05/2016;2016;31;5;martes;dia_habil
1/06/2016;2016;1;6;miercoles;dia_habil
2/06/2016;2016;2;6;jueves;dia_habil
3/06/2016;2016;3;6;viernes;dia_habil
4/06/2016;2016;4;6;sabado;dia_habil
5/06/2016;2016;5;6;domingo;dia_habil
6/06/2016;2016;6;6;lunes;festivo
7/06/2016;2016;7;6;martes;dia_habil
8/06/2016;2016;8;6;miercoles;dia_habil
9/06/2016;2016;9;6;jueves;dia_habil
10/06/2016;2016;10;6;viernes;dia_habil
11/06/2016;2016;11;6;sabado;dia_habil
12/06/2016;2016;12;6;domingo;dia_habil
13/06/2016;2016;13;6;lunes;dia_habil
14/06/2016;2016;14;6;martes;dia_habil
15/06/2016;2016;15;6;miercoles;dia_habil
16/06/2016;2016;16;6;jueves;dia_habil
17/06/2016;2016;17;6;viernes;dia_habil
18/06/2016;2016;18;6;sabado;dia_habil
19/06/2016;2016;19;6;domingo;dia_habil
20/06/2016;2016;20;6;lunes;dia_habil
21/06/2016;2016;21;6;martes;dia_habil
22/06/2016;2016;22;6;miercoles;dia_habil
23/06/2016;2016;23;6;jueves;dia_habil
24/06/2016;2016;24;6;viernes;dia_habil
25/06/2016;2016;25;6;sabado;dia_habil
26/06/2016;2016;26;6;domingo;dia_habil
27/06/2016;2016;27;6;lunes;dia_habil
28/06/2016;2016;28;6;martes;dia_habil
29/06/2016;2016;29;6;miercoles;dia_habil
30/06/2016;2016;30;6;jueves;dia_habil
1/07/2016;2016;1;7;viernes;dia_habil
2/07/2016;2016;2;7;sabado;dia_habil
3/07/2016;2016;3;7;domingo;dia_habil
4/07/2016;2016;4;7;lunes;festivo
5/07/2016;2016;5;7;martes;dia_habil
6/07/2016;2016;6;7;miercoles;dia_habil
7/07/2016;2016;7;7;jueves;dia_habil
8/07/2016;2016;8;7;viernes;dia_habil
9/07/2016;2016;9;7;sabado;dia_habil
10/07/2016;2016;10;7;domingo;dia_habil
11/07/2016;2016;11;7;lunes;dia_habil
12/07/2016;2016;12;7;martes;dia_habil
13/07/2016;2016;13;7;miercoles;dia_habil
14/07/2016;2016;14;7;jueves;dia_habil
15/07/2016;2016;15;7;viernes;dia_habil
16/07/2016;2016;16;7;sabado;dia_habil
17/07/2016;2016;17;7;domingo;dia_habil
18/07/2016;2016;18;7;lunes;dia_habil
19/07/2016;2016;19;7;martes;dia_habil
20/07/2016;2016;20;7;miercoles;festivo
21/07/2016;2016;21;7;jueves;dia_habil
22/07/2016;2016;22;7;viernes;dia_habil
23/07/2016;2016;23;7;sabado;dia_habil
24/07/2016;2016;24;7;domingo;dia_habil
25/07/2016;2016;25;7;lunes;dia_habil
26/07/2016;2016;26;7;martes;dia_habil
27/07/2016;2016;27;7;miercoles;dia_habil
28/07/2016;2016;28;7;jueves;dia_habil
29/07/2016;2016;29;7;viernes;dia_habil
30/07/2016;2016;30;7;sabado;dia_habil
31/07/2016;2016;31;7;domingo;dia_habil
1/08/2016;2016;1;8;lunes;dia_habil
2/08/2016;2016;2;8;martes;dia_habil
3/08/2016;2016;3;8;miercoles;dia_habil
4/08/2016;2016;4;8;jueves;dia_habil
5/08/2016;2016;5;8;viernes;dia_habil
6/08/2016;2016;6;8;sabado;dia_habil
7/08/2016;2016;7;8;domingo;festivo
8/08/2016;2016;8;8;lunes;dia_habil
9/08/2016;2016;9;8;martes;dia_habil
10/08/2016;2016;10;8;miercoles;dia_habil
11/08/2016;2016;11;8;jueves;dia_habil
12/08/2016;2016;12;8;viernes;dia_habil
13/08/2016;2016;13;8;sabado;dia_habil
14/08/2016;2016;14;8;domingo;dia_habil
15/08/2016;2016;15;8;lunes;festivo
16/08/2016;2016;16;8;martes;dia_habil
17/08/2016;2016;17;8;miercoles;dia_habil
18/08/2016;2016;18;8;jueves;dia_habil
19/08/2016;2016;19;8;viernes;dia_habil
20/08/2016;2016;20;8;sabado;dia_habil
21/08/2016;2016;21;8;domingo;dia_habil
22/08/2016;2016;22;8;lunes;dia_habil
23/08/2016;2016;23;8;martes;dia_habil
24/08/2016;2016;24;8;miercoles;dia_habil
25/08/2016;2016;25;8;jueves;dia_habil
26/08/2016;2016;26;8;viernes;dia_habil
27/08/2016;2016;27;8;sabado;dia_habil
28/08/2016;2016;28;8;domingo;dia_habil
29/08/2016;2016;29;8;lunes;dia_habil
30/08/2016;2016;30;8;martes;dia_habil
31/08/2016;2016;31;8;miercoles;dia_habil
1/09/2016;2016;1;9;jueves;dia_habil
2/09/2016;2016;2;9;viernes;dia_habil
3/09/2016;2016;3;9;sabado;dia_habil
4/09/2016;2016;4;9;domingo;dia_habil
5/09/2016;2016;5;9;lunes;dia_habil
6/09/2016;2016;6;9;martes;dia_habil
7/09/2016;2016;7;9;miercoles;dia_habil
8/09/2016;2016;8;9;jueves;dia_habil
9/09/2016;2016;9;9;viernes;dia_habil
10/09/2016;2016;10;9;sabado;dia_habil
11/09/2016;2016;11;9;domingo;dia_habil
12/09/2016;2016;12;9;lunes;dia_habil
13/09/2016;2016;13;9;martes;dia_habil
14/09/2016;2016;14;9;miercoles;dia_habil
15/09/2016;2016;15;9;jueves;dia_habil
16/09/2016;2016;16;9;viernes;dia_habil
17/09/2016;2016;17;9;sabado;dia_habil
18/09/2016;2016;18;9;domingo;dia_habil
19/09/2016;2016;19;9;lunes;dia_habil
20/09/2016;2016;20;9;martes;dia_habil
21/09/2016;2016;21;9;miercoles;dia_habil
22/09/2016;2016;22;9;jueves;dia_habil
23/09/2016;2016;23;9;viernes;dia_habil
24/09/2016;2016;24;9;sabado;dia_habil
25/09/2016;2016;25;9;domingo;dia_habil
26/09/2016;2016;26;9;lunes;dia_habil
27/09/2016;2016;27;9;martes;dia_habil
28/09/2016;2016;28;9;miercoles;dia_habil
29/09/2016;2016;29;9;jueves;dia_habil
30/09/2016;2016;30;9;viernes;dia_habil
1/10/2016;2016;1;10;sabado;dia_habil
2/10/2016;2016;2;10;domingo;dia_habil
3/10/2016;2016;3;10;lunes;dia_habil
4/10/2016;2016;4;10;martes;dia_habil
5/10/2016;2016;5;10;miercoles;dia_habil
6/10/2016;2016;6;10;jueves;dia_habil
7/10/2016;2016;7;10;viernes;dia_habil
8/10/2016;2016;8;10;sabado;dia_habil
9/10/2016;2016;9;10;domingo;dia_habil
10/10/2016;2016;10;10;lunes;dia_habil
11/10/2016;2016;11;10;martes;dia_habil
12/10/2016;2016;12;10;miercoles;dia_habil
13/10/2016;2016;13;10;jueves;dia_habil
14/10/2016;2016;14;10;viernes;dia_habil
15/10/2016;2016;15;10;sabado;dia_habil
16/10/2016;2016;16;10;domingo;dia_habil
17/10/2016;2016;17;10;lunes;festivo
18/10/2016;2016;18;10;martes;dia_habil
19/10/2016;2016;19;10;miercoles;dia_habil
20/10/2016;2016;20;10;jueves;dia_habil
21/10/2016;2016;21;10;viernes;dia_habil
22/10/2016;2016;22;10;sabado;dia_habil
23/10/2016;2016;23;10;domingo;dia_habil
24/10/2016;2016;24;10;lunes;dia_habil
25/10/2016;2016;25;10;martes;dia_habil
26/10/2016;2016;26;10;miercoles;dia_habil
27/10/2016;2016;27;10;jueves;dia_habil
28/10/2016;2016;28;10;viernes;dia_habil
29/10/2016;2016;29;10;sabado;dia_habil
30/10/2016;2016;30;10;domingo;dia_habil
31/10/2016;2016;31;10;lunes;brujas
1/11/2016;2016;1;11;martes;dia_habil
2/11/2016;2016;2;11;miercoles;dia_habil
3/11/2016;2016;3;11;jueves;dia_habil
4/11/2016;2016;4;11;viernes;dia_habil
5/11/2016;2016;5;11;sabado;dia_habil
6/11/2016;2016;6;11;domingo;dia_habil
7/11/2016;2016;7;11;lunes;festivo
8/11/2016;2016;8;11;martes;dia_habil
9/11/2016;2016;9;11;miercoles;dia_habil
10/11/2016;2016;10;11;jueves;dia_habil
11/11/2016;2016;11;11;viernes;dia_habil
12/11/2016;2016;12;11;sabado;dia_habil
13/11/2016;2016;13;11;domingo;dia_habil
14/11/2016;2016;14;11;lunes;festivo
15/11/2016;2016;15;11;martes;dia_habil
16/11/2016;2016;16;11;miercoles;dia_habil
17/11/2016;2016;17;11;jueves;dia_habil
18/11/2016;2016;18;11;viernes;dia_habil
19/11/2016;2016;19;11;sabado;dia_habil
20/11/2016;2016;20;11;domingo;dia_habil
21/11/2016;2016;21;11;lunes;dia_habil
22/11/2016;2016;22;11;martes;dia_habil
23/11/2016;2016;23;11;miercoles;dia_habil
24/11/2016;2016;24;11;jueves;dia_habil
25/11/2016;2016;25;11;viernes;dia_habil
26/11/2016;2016;26;11;sabado;dia_habil
27/11/2016;2016;27;11;domingo;dia_habil
28/11/2016;2016;28;11;lunes;dia_habil
29/11/2016;2016;29;11;martes;dia_habil
30/11/2016;2016;30;11;miercoles;dia_habil
1/12/2016;2016;1;12;jueves;dia_habil
2/12/2016;2016;2;12;viernes;dia_habil
3/12/2016;2016;3;12;sabado;dia_habil
4/12/2016;2016;4;12;domingo;dia_habil
5/12/2016;2016;5;12;lunes;dia_habil
6/12/2016;2016;6;12;martes;dia_habil
7/12/2016;2016;7;12;miercoles;dia_habil
8/12/2016;2016;8;12;jueves;festivo
9/12/2016;2016;9;12;viernes;dia_habil
10/12/2016;2016;10;12;sabado;dia_habil
11/12/2016;2016;11;12;domingo;dia_habil
12/12/2016;2016;12;12;lunes;dia_habil
13/12/2016;2016;13;12;martes;dia_habil
14/12/2016;2016;14;12;miercoles;dia_habil
15/12/2016;2016;15;12;jueves;dia_habil
16/12/2016;2016;16;12;viernes;dia_habil
17/12/2016;2016;17;12;sabado;dia_habil
18/12/2016;2016;18;12;domingo;dia_habil
19/12/2016;2016;19;12;lunes;dia_habil
20/12/2016;2016;20;12;martes;dia_habil
21/12/2016;2016;21;12;miercoles;dia_habil
22/12/2016;2016;22;12;jueves;dia_habil
23/12/2016;2016;23;12;viernes;dia_habil
24/12/2016;2016;24;12;sabado;dia_habil
25/12/2016;2016;25;12;domingo;navidad
26/12/2016;2016;26;12;lunes;dia_habil
27/12/2016;2016;27;12;martes;dia_habil
28/12/2016;2016;28;12;miercoles;dia_habil
29/12/2016;2016;29;12;jueves;dia_habil
30/12/2016;2016;30;12;viernes;dia_habil
31/12/2016;2016;31;12;sabado;a_viejo
1/01/2017;2017;1;1;domingo;a_nuevo
2/01/2017;2017;2;1;lunes;dia_habil
3/01/2017;2017;3;1;martes;dia_habil
4/01/2017;2017;4;1;miercoles;dia_habil
5/01/2017;2017;5;1;jueves;dia_habil
6/01/2017;2017;6;1;viernes;dia_habil
7/01/2017;2017;7;1;sabado;dia_habil
8/01/2017;2017;8;1;domingo;dia_habil
9/01/2017;2017;9;1;lunes;festivo
10/01/2017;2017;10;1;martes;dia_habil
11/01/2017;2017;11;1;miercoles;dia_habil
12/01/2017;2017;12;1;jueves;dia_habil
13/01/2017;2017;13;1;viernes;dia_habil
14/01/2017;2017;14;1;sabado;dia_habil
15/01/2017;2017;15;1;domingo;dia_habil
16/01/2017;2017;16;1;lunes;dia_habil
17/01/2017;2017;17;1;martes;dia_habil
18/01/2017;2017;18;1;miercoles;dia_habil
19/01/2017;2017;19;1;jueves;dia_habil
20/01/2017;2017;20;1;viernes;dia_habil
21/01/2017;2017;21;1;sabado;dia_habil
22/01/2017;2017;22;1;domingo;dia_habil
23/01/2017;2017;23;1;lunes;dia_habil
24/01/2017;2017;24;1;martes;dia_habil
25/01/2017;2017;25;1;miercoles;dia_habil
26/01/2017;2017;26;1;jueves;dia_habil
27/01/2017;2017;27;1;viernes;dia_habil
28/01/2017;2017;28;1;sabado;dia_habil
29/01/2017;2017;29;1;domingo;dia_habil
30/01/2017;2017;30;1;lunes;dia_habil
31/01/2017;2017;31;1;martes;dia_habil
1/02/2017;2017;1;2;miercoles;dia_habil
2/02/2017;2017;2;2;jueves;dia_habil
3/02/2017;2017;3;2;viernes;dia_habil
4/02/2017;2017;4;2;sabado;dia_habil
5/02/2017;2017;5;2;domingo;dia_habil
6/02/2017;2017;6;2;lunes;dia_habil
7/02/2017;2017;7;2;martes;dia_habil
8/02/2017;2017;8;2;miercoles;dia_habil
9/02/2017;2017;9;2;jueves;dia_habil
10/02/2017;2017;10;2;viernes;dia_habil
11/02/2017;2017;11;2;sabado;dia_habil
12/02/2017;2017;12;2;domingo;dia_habil
13/02/2017;2017;13;2;lunes;dia_habil
14/02/2017;2017;14;2;martes;dia_habil
15/02/2017;2017;15;2;miercoles;dia_habil
16/02/2017;2017;16;2;jueves;dia_habil
17/02/2017;2017;17;2;viernes;dia_habil
18/02/2017;2017;18;2;sabado;dia_habil
19/02/2017;2017;19;2;domingo;dia_habil
20/02/2017;2017;20;2;lunes;dia_habil
21/02/2017;2017;21;2;martes;dia_habil
22/02/2017;2017;22;2;miercoles;dia_habil
23/02/2017;2017;23;2;jueves;dia_habil
24/02/2017;2017;24;2;viernes;dia_habil
25/02/2017;2017;25;2;sabado;dia_habil
26/02/2017;2017;26;2;domingo;dia_habil
27/02/2017;2017;27;2;lunes;festivo
28/02/2017;2017;28;2;martes;dia_habil
1/03/2017;2017;1;3;miercoles;dia_habil
2/03/2017;2017;2;3;jueves;dia_habil
3/03/2017;2017;3;3;viernes;dia_habil
4/03/2017;2017;4;3;sabado;dia_habil
5/03/2017;2017;5;3;domingo;dia_habil
6/03/2017;2017;6;3;lunes;dia_habil
7/03/2017;2017;7;3;martes;dia_habil
8/03/2017;2017;8;3;miercoles;dia_habil
9/03/2017;2017;9;3;jueves;dia_habil
10/03/2017;2017;10;3;viernes;dia_habil
11/03/2017;2017;11;3;sabado;dia_habil
12/03/2017;2017;12;3;domingo;dia_habil
13/03/2017;2017;13;3;lunes;dia_habil
14/03/2017;2017;14;3;martes;dia_habil
15/03/2017;2017;15;3;miercoles;dia_habil
16/03/2017;2017;16;3;jueves;dia_habil
17/03/2017;2017;17;3;viernes;dia_habil
18/03/2017;2017;18;3;sabado;dia_habil
19/03/2017;2017;19;3;domingo;dia_habil
20/03/2017;2017;20;3;lunes;festivo
21/03/2017;2017;21;3;martes;dia_habil
22/03/2017;2017;22;3;miercoles;dia_habil
23/03/2017;2017;23;3;jueves;dia_habil
24/03/2017;2017;24;3;viernes;dia_habil
25/03/2017;2017;25;3;sabado;dia_habil
26/03/2017;2017;26;3;domingo;dia_habil
27/03/2017;2017;27;3;lunes;dia_habil
28/03/2017;2017;28;3;martes;dia_habil
29/03/2017;2017;29;3;miercoles;dia_habil
30/03/2017;2017;30;3;jueves;dia_habil
31/03/2017;2017;31;3;viernes;dia_habil
1/04/2017;2017;1;4;sabado;dia_habil
2/04/2017;2017;2;4;domingo;dia_habil
3/04/2017;2017;3;4;lunes;dia_habil
4/04/2017;2017;4;4;martes;dia_habil
5/04/2017;2017;5;4;miercoles;dia_habil
6/04/2017;2017;6;4;jueves;dia_habil
7/04/2017;2017;7;4;viernes;dia_habil
8/04/2017;2017;8;4;sabado;dia_habil
9/04/2017;2017;9;4;domingo;sem_santa
10/04/2017;2017;10;4;lunes;sem_santa
11/04/2017;2017;11;4;martes;sem_santa
12/04/2017;2017;12;4;miercoles;sem_santa
13/04/2017;2017;13;4;jueves;sem_santa
14/04/2017;2017;14;4;viernes;sem_santa
15/04/2017;2017;15;4;sabado;sem_santa
16/04/2017;2017;16;4;domingo;dia_habil
17/04/2017;2017;17;4;lunes;dia_habil
18/04/2017;2017;18;4;martes;dia_habil
19/04/2017;2017;19;4;miercoles;dia_habil
20/04/2017;2017;20;4;jueves;dia_habil
21/04/2017;2017;21;4;viernes;dia_habil
22/04/2017;2017;22;4;sabado;dia_habil
23/04/2017;2017;23;4;domingo;dia_habil
24/04/2017;2017;24;4;lunes;dia_habil
25/04/2017;2017;25;4;martes;dia_habil
26/04/2017;2017;26;4;miercoles;dia_habil
27/04/2017;2017;27;4;jueves;dia_habil
28/04/2017;2017;28;4;viernes;dia_habil
29/04/2017;2017;29;4;sabado;dia_habil
30/04/2017;2017;30;4;domingo;dia_habil
1/05/2017;2017;1;5;lunes;festivo
2/05/2017;2017;2;5;martes;dia_habil
3/05/2017;2017;3;5;miercoles;dia_habil
4/05/2017;2017;4;5;jueves;dia_habil
5/05/2017;2017;5;5;viernes;dia_habil
6/05/2017;2017;6;5;sabado;dia_habil
7/05/2017;2017;7;5;domingo;dia_habil
8/05/2017;2017;8;5;lunes;dia_habil
9/05/2017;2017;9;5;martes;dia_habil
10/05/2017;2017;10;5;miercoles;dia_habil
11/05/2017;2017;11;5;jueves;dia_habil
12/05/2017;2017;12;5;viernes;dia_habil
13/05/2017;2017;13;5;sabado;dia_habil
14/05/2017;2017;14;5;domingo;madres
15/05/2017;2017;15;5;lunes;dia_habil
16/05/2017;2017;16;5;martes;dia_habil
17/05/2017;2017;17;5;miercoles;dia_habil
18/05/2017;2017;18;5;jueves;dia_habil
19/05/2017;2017;19;5;viernes;dia_habil
20/05/2017;2017;20;5;sabado;dia_habil
21/05/2017;2017;21;5;domingo;dia_habil
22/05/2017;2017;22;5;lunes;dia_habil
23/05/2017;2017;23;5;martes;dia_habil
24/05/2017;2017;24;5;miercoles;dia_habil
25/05/2017;2017;25;5;jueves;dia_habil
26/05/2017;2017;26;5;viernes;dia_habil
27/05/2017;2017;27;5;sabado;dia_habil
28/05/2017;2017;28;5;domingo;dia_habil
29/05/2017;2017;29;5;lunes;festivo
30/05/2017;2017;30;5;martes;dia_habil
31/05/2017;2017;31;5;miercoles;dia_habil
1/06/2017;2017;1;6;jueves;dia_habil
2/06/2017;2017;2;6;viernes;dia_habil
3/06/2017;2017;3;6;sabado;dia_habil
4/06/2017;2017;4;6;domingo;dia_habil
5/06/2017;2017;5;6;lunes;dia_habil
6/06/2017;2017;6;6;martes;dia_habil
7/06/2017;2017;7;6;miercoles;dia_habil
8/06/2017;2017;8;6;jueves;dia_habil
9/06/2017;2017;9;6;viernes;dia_habil
10/06/2017;2017;10;6;sabado;dia_habil
11/06/2017;2017;11;6;domingo;dia_habil
12/06/2017;2017;12;6;lunes;dia_habil
13/06/2017;2017;13;6;martes;dia_habil
14/06/2017;2017;14;6;miercoles;dia_habil
15/06/2017;2017;15;6;jueves;dia_habil
16/06/2017;2017;16;6;viernes;dia_habil
17/06/2017;2017;17;6;sabado;dia_habil
18/06/2017;2017;18;6;domingo;dia_habil
19/06/2017;2017;19;6;lunes;festivo
20/06/2017;2017;20;6;martes;dia_habil
21/06/2017;2017;21;6;miercoles;dia_habil
22/06/2017;2017;22;6;jueves;dia_habil
23/06/2017;2017;23;6;viernes;dia_habil
24/06/2017;2017;24;6;sabado;dia_habil
25/06/2017;2017;25;6;domingo;dia_habil
26/06/2017;2017;26;6;lunes;festivo
27/06/2017;2017;27;6;martes;dia_habil
28/06/2017;2017;28;6;miercoles;dia_habil
29/06/2017;2017;29;6;jueves;dia_habil
30/06/2017;2017;30;6;viernes;dia_habil
1/07/2017;2017;1;7;sabado;dia_habil
2/07/2017;2017;2;7;domingo;dia_habil
3/07/2017;2017;3;7;lunes;festivo
4/07/2017;2017;4;7;martes;dia_habil
5/07/2017;2017;5;7;miercoles;dia_habil
6/07/2017;2017;6;7;jueves;dia_habil
7/07/2017;2017;7;7;viernes;dia_habil
8/07/2017;2017;8;7;sabado;dia_habil
9/07/2017;2017;9;7;domingo;dia_habil
10/07/2017;2017;10;7;lunes;dia_habil
11/07/2017;2017;11;7;martes;dia_habil
12/07/2017;2017;12;7;miercoles;dia_habil
13/07/2017;2017;13;7;jueves;dia_habil
14/07/2017;2017;14;7;viernes;dia_habil
15/07/2017;2017;15;7;sabado;dia_habil
16/07/2017;2017;16;7;domingo;dia_habil
17/07/2017;2017;17;7;lunes;dia_habil
18/07/2017;2017;18;7;martes;dia_habil
19/07/2017;2017;19;7;miercoles;dia_habil
20/07/2017;2017;20;7;jueves;festivo
21/07/2017;2017;21;7;viernes;dia_habil
22/07/2017;2017;22;7;sabado;dia_habil
23/07/2017;2017;23;7;domingo;dia_habil
24/07/2017;2017;24;7;lunes;dia_habil
25/07/2017;2017;25;7;martes;dia_habil
26/07/2017;2017;26;7;miercoles;dia_habil
27/07/2017;2017;27;7;jueves;dia_habil
28/07/2017;2017;28;7;viernes;dia_habil
29/07/2017;2017;29;7;sabado;dia_habil
30/07/2017;2017;30;7;domingo;dia_habil
31/07/2017;2017;31;7;lunes;dia_habil
1/08/2017;2017;1;8;martes;dia_habil
2/08/2017;2017;2;8;miercoles;dia_habil
3/08/2017;2017;3;8;jueves;dia_habil
4/08/2017;2017;4;8;viernes;dia_habil
5/08/2017;2017;5;8;sabado;dia_habil
6/08/2017;2017;6;8;domingo;dia_habil
7/08/2017;2017;7;8;lunes;festivo
8/08/2017;2017;8;8;martes;dia_habil
9/08/2017;2017;9;8;miercoles;dia_habil
10/08/2017;2017;10;8;jueves;dia_habil
11/08/2017;2017;11;8;viernes;dia_habil
12/08/2017;2017;12;8;sabado;dia_habil
13/08/2017;2017;13;8;domingo;dia_habil
14/08/2017;2017;14;8;lunes;dia_habil
15/08/2017;2017;15;8;martes;dia_habil
16/08/2017;2017;16;8;miercoles;dia_habil
17/08/2017;2017;17;8;jueves;dia_habil
18/08/2017;2017;18;8;viernes;dia_habil
19/08/2017;2017;19;8;sabado;dia_habil
20/08/2017;2017;20;8;domingo;dia_habil
21/08/2017;2017;21;8;lunes;festivo
22/08/2017;2017;22;8;martes;dia_habil
23/08/2017;2017;23;8;miercoles;dia_habil
24/08/2017;2017;24;8;jueves;dia_habil
25/08/2017;2017;25;8;viernes;dia_habil
26/08/2017;2017;26;8;sabado;dia_habil
27/08/2017;2017;27;8;domingo;dia_habil
28/08/2017;2017;28;8;lunes;dia_habil
29/08/2017;2017;29;8;martes;dia_habil
30/08/2017;2017;30;8;miercoles;dia_habil
31/08/2017;2017;31;8;jueves;dia_habil
1/09/2017;2017;1;9;viernes;dia_habil
2/09/2017;2017;2;9;sabado;dia_habil
3/09/2017;2017;3;9;domingo;dia_habil
4/09/2017;2017;4;9;lunes;dia_habil
5/09/2017;2017;5;9;martes;dia_habil
6/09/2017;2017;6;9;miercoles;dia_habil
7/09/2017;2017;7;9;jueves;dia_habil
8/09/2017;2017;8;9;viernes;dia_habil
9/09/2017;2017;9;9;sabado;dia_habil
10/09/2017;2017;10;9;domingo;dia_habil
11/09/2017;2017;11;9;lunes;dia_habil
12/09/2017;2017;12;9;martes;dia_habil
13/09/2017;2017;13;9;miercoles;dia_habil
14/09/2017;2017;14;9;jueves;dia_habil
15/09/2017;2017;15;9;viernes;dia_habil
16/09/2017;2017;16;9;sabado;dia_habil
17/09/2017;2017;17;9;domingo;dia_habil
18/09/2017;2017;18;9;lunes;dia_habil
19/09/2017;2017;19;9;martes;dia_habil
20/09/2017;2017;20;9;miercoles;dia_habil
21/09/2017;2017;21;9;jueves;dia_habil
22/09/2017;2017;22;9;viernes;dia_habil
23/09/2017;2017;23;9;sabado;dia_habil
24/09/2017;2017;24;9;domingo;dia_habil
25/09/2017;2017;25;9;lunes;dia_habil
26/09/2017;2017;26;9;martes;dia_habil
27/09/2017;2017;27;9;miercoles;dia_habil
28/09/2017;2017;28;9;jueves;dia_habil
29/09/2017;2017;29;9;viernes;dia_habil
30/09/2017;2017;30;9;sabado;dia_habil
1/10/2017;2017;1;10;domingo;dia_habil
2/10/2017;2017;2;10;lunes;dia_habil
3/10/2017;2017;3;10;martes;dia_habil
4/10/2017;2017;4;10;miercoles;dia_habil
5/10/2017;2017;5;10;jueves;dia_habil
6/10/2017;2017;6;10;viernes;dia_habil
7/10/2017;2017;7;10;sabado;dia_habil
8/10/2017;2017;8;10;domingo;dia_habil
9/10/2017;2017;9;10;lunes;dia_habil
10/10/2017;2017;10;10;martes;dia_habil
11/10/2017;2017;11;10;miercoles;dia_habil
12/10/2017;2017;12;10;jueves;dia_habil
13/10/2017;2017;13;10;viernes;dia_habil
14/10/2017;2017;14;10;sabado;dia_habil
15/10/2017;2017;15;10;domingo;dia_habil
16/10/2017;2017;16;10;lunes;festivo
17/10/2017;2017;17;10;martes;dia_habil
18/10/2017;2017;18;10;miercoles;dia_habil
19/10/2017;2017;19;10;jueves;dia_habil
20/10/2017;2017;20;10;viernes;dia_habil
21/10/2017;2017;21;10;sabado;dia_habil
22/10/2017;2017;22;10;domingo;dia_habil
23/10/2017;2017;23;10;lunes;dia_habil
24/10/2017;2017;24;10;martes;dia_habil
25/10/2017;2017;25;10;miercoles;dia_habil
26/10/2017;2017;26;10;jueves;dia_habil
27/10/2017;2017;27;10;viernes;dia_habil
28/10/2017;2017;28;10;sabado;dia_habil
29/10/2017;2017;29;10;domingo;dia_habil
30/10/2017;2017;30;10;lunes;dia_habil
31/10/2017;2017;31;10;martes;brujas
1/11/2017;2017;1;11;miercoles;dia_habil
2/11/2017;2017;2;11;jueves;dia_habil
3/11/2017;2017;3;11;viernes;dia_habil
4/11/2017;2017;4;11;sabado;dia_habil
5/11/2017;2017;5;11;domingo;dia_habil
6/11/2017;2017;6;11;lunes;festivo
7/11/2017;2017;7;11;martes;dia_habil
8/11/2017;2017;8;11;miercoles;dia_habil
9/11/2017;2017;9;11;jueves;dia_habil
10/11/2017;2017;10;11;viernes;dia_habil
11/11/2017;2017;11;11;sabado;dia_habil
12/11/2017;2017;12;11;domingo;dia_habil
13/11/2017;2017;13;11;lunes;festivo
14/11/2017;2017;14;11;martes;dia_habil
15/11/2017;2017;15;11;miercoles;dia_habil
16/11/2017;2017;16;11;jueves;dia_habil
17/11/2017;2017;17;11;viernes;dia_habil
18/11/2017;2017;18;11;sabado;dia_habil
19/11/2017;2017;19;11;domingo;dia_habil
20/11/2017;2017;20;11;lunes;dia_habil
21/11/2017;2017;21;11;martes;dia_habil
22/11/2017;2017;22;11;miercoles;dia_habil
23/11/2017;2017;23;11;jueves;dia_habil
24/11/2017;2017;24;11;viernes;dia_habil
25/11/2017;2017;25;11;sabado;dia_habil
26/11/2017;2017;26;11;domingo;dia_habil
27/11/2017;2017;27;11;lunes;dia_habil
28/11/2017;2017;28;11;martes;dia_habil
29/11/2017;2017;29;11;miercoles;dia_habil
30/11/2017;2017;30;11;jueves;dia_habil
1/12/2017;2017;1;12;viernes;dia_habil
2/12/2017;2017;2;12;sabado;dia_habil
3/12/2017;2017;3;12;domingo;dia_habil
4/12/2017;2017;4;12;lunes;dia_habil
5/12/2017;2017;5;12;martes;dia_habil
6/12/2017;2017;6;12;miercoles;dia_habil
7/12/2017;2017;7;12;jueves;dia_habil
8/12/2017;2017;8;12;viernes;festivo
9/12/2017;2017;9;12;sabado;dia_habil
10/12/2017;2017;10;12;domingo;dia_habil
11/12/2017;2017;11;12;lunes;dia_habil
12/12/2017;2017;12;12;martes;dia_habil
13/12/2017;2017;13;12;miercoles;dia_habil
14/12/2017;2017;14;12;jueves;dia_habil
15/12/2017;2017;15;12;viernes;dia_habil
16/12/2017;2017;16;12;sabado;dia_habil
17/12/2017;2017;17;12;domingo;dia_habil
18/12/2017;2017;18;12;lunes;dia_habil
19/12/2017;2017;19;12;martes;dia_habil
20/12/2017;2017;20;12;miercoles;dia_habil
21/12/2017;2017;21;12;jueves;dia_habil
22/12/2017;2017;22;12;viernes;dia_habil
23/12/2017;2017;23;12;sabado;dia_habil
24/12/2017;2017;24;12;domingo;dia_habil
25/12/2017;2017;25;12;lunes;navidad
26/12/2017;2017;26;12;martes;dia_habil
27/12/2017;2017;27;12;miercoles;dia_habil
28/12/2017;2017;28;12;jueves;dia_habil
29/12/2017;2017;29;12;viernes;dia_habil
30/12/2017;2017;30;12;sabado;dia_habil
31/12/2017;2017;31;12;domingo;a_viejo
1/01/2018;2018;1;1;lunes;a_nuevo
2/01/2018;2018;2;1;martes;dia_habil
3/01/2018;2018;3;1;miercoles;dia_habil
4/01/2018;2018;4;1;jueves;dia_habil
5/01/2018;2018;5;1;viernes;dia_habil
6/01/2018;2018;6;1;sabado;dia_habil
7/01/2018;2018;7;1;domingo;dia_habil
8/01/2018;2018;8;1;lunes;festivo
9/01/2018;2018;9;1;martes;dia_habil
10/01/2018;2018;10;1;miercoles;dia_habil
11/01/2018;2018;11;1;jueves;dia_habil
12/01/2018;2018;12;1;viernes;dia_habil
13/01/2018;2018;13;1;sabado;dia_habil
14/01/2018;2018;14;1;domingo;dia_habil
15/01/2018;2018;15;1;lunes;dia_habil
16/01/2018;2018;16;1;martes;dia_habil
17/01/2018;2018;17;1;miercoles;dia_habil
18/01/2018;2018;18;1;jueves;dia_habil
19/01/2018;2018;19;1;viernes;dia_habil
20/01/2018;2018;20;1;sabado;dia_habil
21/01/2018;2018;21;1;domingo;dia_habil
22/01/2018;2018;22;1;lunes;dia_habil
23/01/2018;2018;23;1;martes;dia_habil
24/01/2018;2018;24;1;miercoles;dia_habil
25/01/2018;2018;25;1;jueves;dia_habil
26/01/2018;2018;26;1;viernes;dia_habil
27/01/2018;2018;27;1;sabado;dia_habil
28/01/2018;2018;28;1;domingo;dia_habil
29/01/2018;2018;29;1;lunes;dia_habil
30/01/2018;2018;30;1;martes;dia_habil
31/01/2018;2018;31;1;miercoles;dia_habil
1/02/2018;2018;1;2;jueves;dia_habil
2/02/2018;2018;2;2;viernes;dia_habil
3/02/2018;2018;3;2;sabado;dia_habil
4/02/2018;2018;4;2;domingo;dia_habil
5/02/2018;2018;5;2;lunes;dia_habil
6/02/2018;2018;6;2;martes;dia_habil
7/02/2018;2018;7;2;miercoles;dia_habil
8/02/2018;2018;8;2;jueves;dia_habil
9/02/2018;2018;9;2;viernes;dia_habil
10/02/2018;2018;10;2;sabado;dia_habil
11/02/2018;2018;11;2;domingo;dia_habil
12/02/2018;2018;12;2;lunes;dia_habil
13/02/2018;2018;13;2;martes;dia_habil
14/02/2018;2018;14;2;miercoles;dia_habil
15/02/2018;2018;15;2;jueves;dia_habil
16/02/2018;2018;16;2;viernes;dia_habil
17/02/2018;2018;17;2;sabado;dia_habil
18/02/2018;2018;18;2;domingo;dia_habil
19/02/2018;2018;19;2;lunes;dia_habil
20/02/2018;2018;20;2;martes;dia_habil
21/02/2018;2018;21;2;miercoles;dia_habil
22/02/2018;2018;22;2;jueves;dia_habil
23/02/2018;2018;23;2;viernes;dia_habil
24/02/2018;2018;24;2;sabado;dia_habil
25/02/2018;2018;25;2;domingo;dia_habil
26/02/2018;2018;26;2;lunes;dia_habil
27/02/2018;2018;27;2;martes;dia_habil
28/02/2018;2018;28;2;miercoles;dia_habil
1/03/2018;2018;1;3;jueves;dia_habil
2/03/2018;2018;2;3;viernes;dia_habil
3/03/2018;2018;3;3;sabado;dia_habil
4/03/2018;2018;4;3;domingo;dia_habil
5/03/2018;2018;5;3;lunes;dia_habil
6/03/2018;2018;6;3;martes;dia_habil
7/03/2018;2018;7;3;miercoles;dia_habil
8/03/2018;2018;8;3;jueves;dia_habil
9/03/2018;2018;9;3;viernes;dia_habil
10/03/2018;2018;10;3;sabado;dia_habil
11/03/2018;2018;11;3;domingo;dia_habil
12/03/2018;2018;12;3;lunes;dia_habil
13/03/2018;2018;13;3;martes;dia_habil
14/03/2018;2018;14;3;miercoles;dia_habil
15/03/2018;2018;15;3;jueves;dia_habil
16/03/2018;2018;16;3;viernes;dia_habil
17/03/2018;2018;17;3;sabado;dia_habil
18/03/2018;2018;18;3;domingo;dia_habil
19/03/2018;2018;19;3;lunes;festivo
20/03/2018;2018;20;3;martes;dia_habil
21/03/2018;2018;21;3;miercoles;dia_habil
22/03/2018;2018;22;3;jueves;dia_habil
23/03/2018;2018;23;3;viernes;dia_habil
24/03/2018;2018;24;3;sabado;dia_habil
25/03/2018;2018;25;3;domingo;sem_santa
26/03/2018;2018;26;3;lunes;sem_santa
27/03/2018;2018;27;3;martes;sem_santa
28/03/2018;2018;28;3;miercoles;sem_santa
29/03/2018;2018;29;3;jueves;sem_santa
30/03/2018;2018;30;3;viernes;sem_santa
31/03/2018;2018;31;3;sabado;sem_santa
1/04/2018;2018;1;4;domingo;dia_habil
2/04/2018;2018;2;4;lunes;dia_habil
3/04/2018;2018;3;4;martes;dia_habil
4/04/2018;2018;4;4;miercoles;dia_habil
5/04/2018;2018;5;4;jueves;dia_habil
6/04/2018;2018;6;4;viernes;dia_habil
7/04/2018;2018;7;4;sabado;dia_habil
8/04/2018;2018;8;4;domingo;dia_habil
9/04/2018;2018;9;4;lunes;dia_habil
10/04/2018;2018;10;4;martes;dia_habil
11/04/2018;2018;11;4;miercoles;dia_habil
12/04/2018;2018;12;4;jueves;dia_habil
13/04/2018;2018;13;4;viernes;dia_habil
14/04/2018;2018;14;4;sabado;dia_habil
15/04/2018;2018;15;4;domingo;dia_habil
16/04/2018;2018;16;4;lunes;dia_habil
17/04/2018;2018;17;4;martes;dia_habil
18/04/2018;2018;18;4;miercoles;dia_habil
19/04/2018;2018;19;4;jueves;dia_habil
20/04/2018;2018;20;4;viernes;dia_habil
21/04/2018;2018;21;4;sabado;dia_habil
22/04/2018;2018;22;4;domingo;dia_habil
23/04/2018;2018;23;4;lunes;dia_habil
24/04/2018;2018;24;4;martes;dia_habil
25/04/2018;2018;25;4;miercoles;dia_habil
26/04/2018;2018;26;4;jueves;dia_habil
27/04/2018;2018;27;4;viernes;dia_habil
28/04/2018;2018;28;4;sabado;dia_habil
29/04/2018;2018;29;4;domingo;dia_habil
30/04/2018;2018;30;4;lunes;dia_habil
1/05/2018;2018;1;5;martes;festivo
2/05/2018;2018;2;5;miercoles;dia_habil
3/05/2018;2018;3;5;jueves;dia_habil
4/05/2018;2018;4;5;viernes;dia_habil
5/05/2018;2018;5;5;sabado;dia_habil
6/05/2018;2018;6;5;domingo;dia_habil
7/05/2018;2018;7;5;lunes;dia_habil
8/05/2018;2018;8;5;martes;dia_habil
9/05/2018;2018;9;5;miercoles;dia_habil
10/05/2018;2018;10;5;jueves;dia_habil
11/05/2018;2018;11;5;viernes;dia_habil
12/05/2018;2018;12;5;sabado;dia_habil
13/05/2018;2018;13;5;domingo;madres
14/05/2018;2018;14;5;lunes;festivo
15/05/2018;2018;15;5;martes;dia_habil
16/05/2018;2018;16;5;miercoles;dia_habil
17/05/2018;2018;17;5;jueves;dia_habil
18/05/2018;2018;18;5;viernes;dia_habil
19/05/2018;2018;19;5;sabado;dia_habil
20/05/2018;2018;20;5;domingo;dia_habil
21/05/2018;2018;21;5;lunes;dia_habil
22/05/2018;2018;22;5;martes;dia_habil
23/05/2018;2018;23;5;miercoles;dia_habil
24/05/2018;2018;24;5;jueves;dia_habil
25/05/2018;2018;25;5;viernes;dia_habil
26/05/2018;2018;26;5;sabado;dia_habil
27/05/2018;2018;27;5;domingo;dia_habil
28/05/2018;2018;28;5;lunes;dia_habil
29/05/2018;2018;29;5;martes;dia_habil
30/05/2018;2018;30;5;miercoles;dia_habil
31/05/2018;2018;31;5;jueves;dia_habil
1/06/2018;2018;1;6;viernes;dia_habil
2/06/2018;2018;2;6;sabado;dia_habil
3/06/2018;2018;3;6;domingo;dia_habil
4/06/2018;2018;4;6;lunes;festivo
5/06/2018;2018;5;6;martes;dia_habil
6/06/2018;2018;6;6;miercoles;dia_habil
7/06/2018;2018;7;6;jueves;dia_habil
8/06/2018;2018;8;6;viernes;dia_habil
9/06/2018;2018;9;6;sabado;dia_habil
10/06/2018;2018;10;6;domingo;dia_habil
11/06/2018;2018;11;6;lunes;festivo
12/06/2018;2018;12;6;martes;dia_habil
13/06/2018;2018;13;6;miercoles;dia_habil
14/06/2018;2018;14;6;jueves;dia_habil
15/06/2018;2018;15;6;viernes;dia_habil
16/06/2018;2018;16;6;sabado;dia_habil
17/06/2018;2018;17;6;domingo;dia_habil
18/06/2018;2018;18;6;lunes;dia_habil
19/06/2018;2018;19;6;martes;dia_habil
20/06/2018;2018;20;6;miercoles;dia_habil
21/06/2018;2018;21;6;jueves;dia_habil
22/06/2018;2018;22;6;viernes;dia_habil
23/06/2018;2018;23;6;sabado;dia_habil
24/06/2018;2018;24;6;domingo;dia_habil
25/06/2018;2018;25;6;lunes;dia_habil
26/06/2018;2018;26;6;martes;dia_habil
27/06/2018;2018;27;6;miercoles;dia_habil
28/06/2018;2018;28;6;jueves;dia_habil
29/06/2018;2018;29;6;viernes;dia_habil
30/06/2018;2018;30;6;sabado;dia_habil
1/07/2018;2018;1;7;domingo;dia_habil
2/07/2018;2018;2;7;lunes;festivo
3/07/2018;2018;3;7;martes;dia_habil
4/07/2018;2018;4;7;miercoles;dia_habil
5/07/2018;2018;5;7;jueves;dia_habil
6/07/2018;2018;6;7;viernes;dia_habil
7/07/2018;2018;7;7;sabado;dia_habil
8/07/2018;2018;8;7;domingo;dia_habil
9/07/2018;2018;9;7;lunes;dia_habil
10/07/2018;2018;10;7;martes;dia_habil
11/07/2018;2018;11;7;miercoles;dia_habil
12/07/2018;2018;12;7;jueves;dia_habil
13/07/2018;2018;13;7;viernes;dia_habil
14/07/2018;2018;14;7;sabado;dia_habil
15/07/2018;2018;15;7;domingo;dia_habil
16/07/2018;2018;16;7;lunes;dia_habil
17/07/2018;2018;17;7;martes;dia_habil
18/07/2018;2018;18;7;miercoles;dia_habil
19/07/2018;2018;19;7;jueves;dia_habil
20/07/2018;2018;20;7;viernes;festivo
21/07/2018;2018;21;7;sabado;dia_habil
22/07/2018;2018;22;7;domingo;dia_habil
23/07/2018;2018;23;7;lunes;dia_habil
24/07/2018;2018;24;7;martes;dia_habil
25/07/2018;2018;25;7;miercoles;dia_habil
26/07/2018;2018;26;7;jueves;dia_habil
27/07/2018;2018;27;7;viernes;dia_habil
28/07/2018;2018;28;7;sabado;dia_habil
29/07/2018;2018;29;7;domingo;dia_habil
30/07/2018;2018;30;7;lunes;dia_habil
31/07/2018;2018;31;7;martes;dia_habil
1/08/2018;2018;1;8;miercoles;dia_habil
2/08/2018;2018;2;8;jueves;dia_habil
3/08/2018;2018;3;8;viernes;dia_habil
4/08/2018;2018;4;8;sabado;dia_habil
5/08/2018;2018;5;8;domingo;dia_habil
6/08/2018;2018;6;8;lunes;dia_habil
7/08/2018;2018;7;8;martes;festivo
8/08/2018;2018;8;8;miercoles;dia_habil
9/08/2018;2018;9;8;jueves;dia_habil
10/08/2018;2018;10;8;viernes;dia_habil
11/08/2018;2018;11;8;sabado;dia_habil
12/08/2018;2018;12;8;domingo;dia_habil
13/08/2018;2018;13;8;lunes;dia_habil
14/08/2018;2018;14;8;martes;dia_habil
15/08/2018;2018;15;8;miercoles;dia_habil
16/08/2018;2018;16;8;jueves;dia_habil
17/08/2018;2018;17;8;viernes;dia_habil
18/08/2018;2018;18;8;sabado;dia_habil
19/08/2018;2018;19;8;domingo;dia_habil
20/08/2018;2018;20;8;lunes;festivo
21/08/2018;2018;21;8;martes;dia_habil
22/08/2018;2018;22;8;miercoles;dia_habil
23/08/2018;2018;23;8;jueves;dia_habil
24/08/2018;2018;24;8;viernes;dia_habil
25/08/2018;2018;25;8;sabado;dia_habil
26/08/2018;2018;26;8;domingo;dia_habil
27/08/2018;2018;27;8;lunes;dia_habil
28/08/2018;2018;28;8;martes;dia_habil
29/08/2018;2018;29;8;miercoles;dia_habil
30/08/2018;2018;30;8;jueves;dia_habil
31/08/2018;2018;31;8;viernes;dia_habil
1/09/2018;2018;1;9;sabado;dia_habil
2/09/2018;2018;2;9;domingo;dia_habil
3/09/2018;2018;3;9;lunes;dia_habil
4/09/2018;2018;4;9;martes;dia_habil
5/09/2018;2018;5;9;miercoles;dia_habil
6/09/2018;2018;6;9;jueves;dia_habil
7/09/2018;2018;7;9;viernes;dia_habil
8/09/2018;2018;8;9;sabado;dia_habil
9/09/2018;2018;9;9;domingo;dia_habil
10/09/2018;2018;10;9;lunes;dia_habil
11/09/2018;2018;11;9;martes;dia_habil
12/09/2018;2018;12;9;miercoles;dia_habil
13/09/2018;2018;13;9;jueves;dia_habil
14/09/2018;2018;14;9;viernes;dia_habil
15/09/2018;2018;15;9;sabado;dia_habil
16/09/2018;2018;16;9;domingo;dia_habil
17/09/2018;2018;17;9;lunes;dia_habil
18/09/2018;2018;18;9;martes;dia_habil
19/09/2018;2018;19;9;miercoles;dia_habil
20/09/2018;2018;20;9;jueves;dia_habil
21/09/2018;2018;21;9;viernes;dia_habil
22/09/2018;2018;22;9;sabado;dia_habil
23/09/2018;2018;23;9;domingo;dia_habil
24/09/2018;2018;24;9;lunes;dia_habil
25/09/2018;2018;25;9;martes;dia_habil
26/09/2018;2018;26;9;miercoles;dia_habil
27/09/2018;2018;27;9;jueves;dia_habil
28/09/2018;2018;28;9;viernes;dia_habil
29/09/2018;2018;29;9;sabado;dia_habil
30/09/2018;2018;30;9;domingo;dia_habil
1/10/2018;2018;1;10;lunes;dia_habil
2/10/2018;2018;2;10;martes;dia_habil
3/10/2018;2018;3;10;miercoles;dia_habil
4/10/2018;2018;4;10;jueves;dia_habil
5/10/2018;2018;5;10;viernes;dia_habil
6/10/2018;2018;6;10;sabado;dia_habil
7/10/2018;2018;7;10;domingo;dia_habil
8/10/2018;2018;8;10;lunes;dia_habil
9/10/2018;2018;9;10;martes;dia_habil
10/10/2018;2018;10;10;miercoles;dia_habil
11/10/2018;2018;11;10;jueves;dia_habil
12/10/2018;2018;12;10;viernes;dia_habil
13/10/2018;2018;13;10;sabado;dia_habil
14/10/2018;2018;14;10;domingo;dia_habil
15/10/2018;2018;15;10;lunes;festivo
16/10/2018;2018;16;10;martes;dia_habil
17/10/2018;2018;17;10;miercoles;dia_habil
18/10/2018;2018;18;10;jueves;dia_habil
19/10/2018;2018;19;10;viernes;dia_habil
20/10/2018;2018;20;10;sabado;dia_habil
21/10/2018;2018;21;10;domingo;dia_habil
22/10/2018;2018;22;10;lunes;dia_habil
23/10/2018;2018;23;10;martes;dia_habil
24/10/2018;2018;24;10;miercoles;dia_habil
25/10/2018;2018;25;10;jueves;dia_habil
26/10/2018;2018;26;10;viernes;dia_habil
27/10/2018;2018;27;10;sabado;dia_habil
28/10/2018;2018;28;10;domingo;dia_habil
29/10/2018;2018;29;10;lunes;dia_habil
30/10/2018;2018;30;10;martes;dia_habil
31/10/2018;2018;31;10;miercoles;brujas
1/11/2018;2018;1;11;jueves;dia_habil
2/11/2018;2018;2;11;viernes;dia_habil
3/11/2018;2018;3;11;sabado;dia_habil
4/11/2018;2018;4;11;domingo;dia_habil
5/11/2018;2018;5;11;lunes;festivo
6/11/2018;2018;6;11;martes;dia_habil
7/11/2018;2018;7;11;miercoles;dia_habil
8/11/2018;2018;8;11;jueves;dia_habil
9/11/2018;2018;9;11;viernes;dia_habil
10/11/2018;2018;10;11;sabado;dia_habil
11/11/2018;2018;11;11;domingo;dia_habil
12/11/2018;2018;12;11;lunes;festivo
13/11/2018;2018;13;11;martes;dia_habil
14/11/2018;2018;14;11;miercoles;dia_habil
15/11/2018;2018;15;11;jueves;dia_habil
16/11/2018;2018;16;11;viernes;dia_habil
17/11/2018;2018;17;11;sabado;dia_habil
18/11/2018;2018;18;11;domingo;dia_habil
19/11/2018;2018;19;11;lunes;dia_habil
20/11/2018;2018;20;11;martes;dia_habil
21/11/2018;2018;21;11;miercoles;dia_habil
22/11/2018;2018;22;11;jueves;dia_habil
23/11/2018;2018;23;11;viernes;dia_habil
24/11/2018;2018;24;11;sabado;dia_habil
25/11/2018;2018;25;11;domingo;dia_habil
26/11/2018;2018;26;11;lunes;dia_habil
27/11/2018;2018;27;11;martes;dia_habil
28/11/2018;2018;28;11;miercoles;dia_habil
29/11/2018;2018;29;11;jueves;dia_habil
30/11/2018;2018;30;11;viernes;dia_habil
1/12/2018;2018;1;12;sabado;dia_habil
2/12/2018;2018;2;12;domingo;dia_habil
3/12/2018;2018;3;12;lunes;dia_habil
4/12/2018;2018;4;12;martes;dia_habil
5/12/2018;2018;5;12;miercoles;dia_habil
6/12/2018;2018;6;12;jueves;dia_habil
7/12/2018;2018;7;12;viernes;dia_habil
8/12/2018;2018;8;12;sabado;festivo
9/12/2018;2018;9;12;domingo;dia_habil
10/12/2018;2018;10;12;lunes;dia_habil
11/12/2018;2018;11;12;martes;dia_habil
12/12/2018;2018;12;12;miercoles;dia_habil
13/12/2018;2018;13;12;jueves;dia_habil
14/12/2018;2018;14;12;viernes;dia_habil
15/12/2018;2018;15;12;sabado;dia_habil
16/12/2018;2018;16;12;domingo;dia_habil
17/12/2018;2018;17;12;lunes;dia_habil
18/12/2018;2018;18;12;martes;dia_habil
19/12/2018;2018;19;12;miercoles;dia_habil
20/12/2018;2018;20;12;jueves;dia_habil
21/12/2018;2018;21;12;viernes;dia_habil
22/12/2018;2018;22;12;sabado;dia_habil
23/12/2018;2018;23;12;domingo;dia_habil
24/12/2018;2018;24;12;lunes;dia_habil
25/12/2018;2018;25;12;martes;navidad
26/12/2018;2018;26;12;miercoles;dia_habil
27/12/2018;2018;27;12;jueves;dia_habil
28/12/2018;2018;28;12;viernes;dia_habil
29/12/2018;2018;29;12;sabado;dia_habil
30/12/2018;2018;30;12;domingo;dia_habil
31/12/2018;2018;31;12;lunes;a_viejo
